{"stats":{"minecraft:custom":{"minecraft:time_since_rest":20636,"minecraft:sprint_one_cm":53125,"minecraft:damage_taken":1608,"minecraft:walk_one_cm":247771,"minecraft:mob_kills":2,"minecraft:drop":3,"minecraft:damage_dealt":368,"minecraft:swim_one_cm":32145,"minecraft:interact_with_crafting_table":1,"minecraft:fly_one_cm":20574,"minecraft:crouch_one_cm":14,"minecraft:walk_under_water_one_cm":11648,"minecraft:play_time":76147,"minecraft:deaths":4,"minecraft:sneak_time":10,"minecraft:jump":1365,"minecraft:leave_game":2,"minecraft:walk_on_water_one_cm":18825,"minecraft:time_since_death":20256,"minecraft:climb_one_cm":20327,"minecraft:total_world_time":76147,"minecraft:fall_one_cm":35989},"minecraft:mined":{"minecraft:birch_log":3,"minecraft:jungle_leaves":17,"minecraft:birch_leaves":23,"minecraft:dandelion":3,"minecraft:torch":3,"minecraft:grass":48,"minecraft:poppy":10,"minecraft:grass_block":67,"minecraft:oak_log":9,"minecraft:cocoa":3,"minecraft:melon":11,"minecraft:vine":3,"minecraft:jungle_log":6,"minecraft:gravel":2,"minecraft:sand":10,"minecraft:dirt":140,"minecraft:tall_grass":1,"minecraft:oak_leaves":161,"minecraft:fern":4},"minecraft:killed":{"minecraft:pig":2},"minecraft:killed_by":{"minecraft:player":1,"minecraft:skeleton":2},"minecraft:used":{"minecraft:oak_log":7,"minecraft:apple":1,"minecraft:melon_slice":28,"minecraft:jungle_log":1,"minecraft:wooden_pickaxe":13,"minecraft:torch":2,"minecraft:sand":5,"minecraft:dirt":31,"minecraft:birch_log":3},"minecraft:dropped":{"minecraft:torch":1,"minecraft:stick":2},"minecraft:picked_up":{"minecraft:birch_log":3,"minecraft:cocoa_beans":9,"minecraft:stick":6,"minecraft:jungle_log":6,"minecraft:dandelion":2,"minecraft:torch":4,"minecraft:wooden_pickaxe":1,"minecraft:gravel":2,"minecraft:porkchop":3,"minecraft:sand":10,"minecraft:oak_log":9,"minecraft:dirt":207,"minecraft:apple":1,"minecraft:wheat_seeds":4,"minecraft:jungle_sapling":1,"minecraft:poppy":7,"minecraft:oak_sapling":11,"minecraft:melon_slice":67,"minecraft:birch_sapling":2,"minecraft:cobblestone":2,"minecraft:egg":2}},"DataVersion":3465}