{"stats":{"minecraft:custom":{"minecraft:time_since_rest":22366,"minecraft:sprint_one_cm":31311,"minecraft:damage_taken":1278,"minecraft:walk_one_cm":171033,"minecraft:mob_kills":2,"minecraft:drop":2,"minecraft:damage_dealt":346,"minecraft:swim_one_cm":9857,"minecraft:interact_with_crafting_table":1,"minecraft:fly_one_cm":16076,"minecraft:crouch_one_cm":14,"minecraft:walk_under_water_one_cm":4476,"minecraft:play_time":52147,"minecraft:deaths":3,"minecraft:sneak_time":10,"minecraft:jump":1003,"minecraft:leave_game":2,"minecraft:walk_on_water_one_cm":7438,"minecraft:time_since_death":22329,"minecraft:climb_one_cm":16157,"minecraft:total_world_time":52147,"minecraft:fall_one_cm":26898},"minecraft:mined":{"minecraft:birch_log":3,"minecraft:jungle_leaves":17,"minecraft:birch_leaves":22,"minecraft:grass":36,"minecraft:grass_block":55,"minecraft:oak_log":9,"minecraft:cocoa":3,"minecraft:melon":5,"minecraft:vine":1,"minecraft:jungle_log":6,"minecraft:sand":10,"minecraft:dirt":59,"minecraft:oak_leaves":142,"minecraft:fern":4},"minecraft:killed":{"minecraft:pig":2},"minecraft:killed_by":{"minecraft:player":1,"minecraft:skeleton":2},"minecraft:used":{"minecraft:oak_log":7,"minecraft:apple":1,"minecraft:melon_slice":14,"minecraft:jungle_log":1,"minecraft:wooden_pickaxe":13,"minecraft:sand":5,"minecraft:dirt":30,"minecraft:birch_log":3},"minecraft:dropped":{"minecraft:stick":2},"minecraft:picked_up":{"minecraft:birch_log":3,"minecraft:cocoa_beans":9,"minecraft:stick":6,"minecraft:jungle_log":6,"minecraft:wooden_pickaxe":1,"minecraft:porkchop":3,"minecraft:sand":10,"minecraft:oak_log":9,"minecraft:dirt":121,"minecraft:apple":1,"minecraft:wheat_seeds":3,"minecraft:jungle_sapling":1,"minecraft:oak_sapling":9,"minecraft:melon_slice":21,"minecraft:birch_sapling":2,"minecraft:cobblestone":2,"minecraft:egg":2}},"DataVersion":3465}