{"stats":{"minecraft:custom":{"minecraft:time_since_rest":476,"minecraft:deaths":1,"minecraft:play_time":6010,"minecraft:sprint_one_cm":3724,"minecraft:damage_taken":240,"minecraft:walk_one_cm":28679,"minecraft:jump":174,"minecraft:leave_game":1,"minecraft:time_since_death":0,"minecraft:total_world_time":6010,"minecraft:climb_one_cm":5408,"minecraft:fly_one_cm":1270,"minecraft:fall_one_cm":5477},"minecraft:mined":{"minecraft:grass":8,"minecraft:grass_block":10,"minecraft:oak_log":2,"minecraft:cocoa":1,"minecraft:vine":1,"minecraft:jungle_log":3,"minecraft:dirt":6,"minecraft:oak_leaves":15,"minecraft:fern":2},"minecraft:killed_by":{"minecraft:skeleton":1},"minecraft:picked_up":{"minecraft:cocoa_beans":3,"minecraft:stick":3,"minecraft:jungle_log":3,"minecraft:oak_log":2,"minecraft:oak_sapling":2,"minecraft:dirt":16,"minecraft:egg":1}},"DataVersion":3465}