{"stats":{"minecraft:picked_up":{"minecraft:birch_log":3,"minecraft:cocoa_beans":9,"minecraft:feather":1,"minecraft:chicken":1,"minecraft:jungle_log":6,"minecraft:leather":4,"minecraft:wooden_pickaxe":2,"minecraft:oak_log":9,"minecraft:dirt":329,"minecraft:cooked_mutton":2,"minecraft:acacia_planks":1,"minecraft:apple":1,"minecraft:wheat_seeds":12,"minecraft:beef":2,"minecraft:stone_pickaxe":2,"minecraft:rose_bush":12,"minecraft:tall_grass":1,"minecraft:jungle_sapling":1,"minecraft:poppy":7,"minecraft:melon_slice":77,"minecraft:chest":2,"minecraft:birch_sapling":2,"minecraft:egg":2,"minecraft:stick":7,"minecraft:raw_iron":1,"minecraft:pumpkin":15,"minecraft:dripstone_block":1,"minecraft:dandelion":2,"minecraft:torch":56,"minecraft:acacia_log":42,"minecraft:gravel":2,"minecraft:porkchop":5,"minecraft:sand":10,"minecraft:pointed_dripstone":7,"minecraft:acacia_stairs":30,"minecraft:orange_bed":4,"minecraft:rotten_flesh":1,"minecraft:stone_sword":1,"minecraft:stone_axe":1,"minecraft:grass":1,"minecraft:bread":7,"minecraft:oak_sapling":11,"minecraft:coal":9,"minecraft:mutton":3,"minecraft:white_wool":2,"minecraft:cobblestone":46},"minecraft:used":{"minecraft:cooked_mutton":2,"minecraft:rose_bush":6,"minecraft:stone_pickaxe":30,"minecraft:chest":1,"minecraft:wooden_pickaxe":66,"minecraft:orange_bed":1,"minecraft:torch":8,"minecraft:sand":5,"minecraft:dirt":119,"minecraft:mutton":3,"minecraft:oak_log":7,"minecraft:apple":1,"minecraft:bread":4,"minecraft:melon_slice":41,"minecraft:jungle_log":1,"minecraft:beef":2,"minecraft:porkchop":2,"minecraft:birch_log":3},"minecraft:crafted":{"minecraft:wooden_pickaxe":1,"minecraft:stick":8,"minecraft:stone_pickaxe":1,"minecraft:stone_sword":1,"minecraft:acacia_planks":8},"minecraft:killed_by":{"minecraft:player":3,"minecraft:skeleton":2,"minecraft:zombie":1},"minecraft:broken":{"minecraft:wooden_pickaxe":1},"minecraft:custom":{"minecraft:interact_with_furnace":3,"minecraft:mob_kills":9,"minecraft:interact_with_crafting_table":11,"minecraft:leave_game":3,"minecraft:time_since_death":45972,"minecraft:sleep_in_bed":5,"minecraft:climb_one_cm":20535,"minecraft:time_since_rest":28178,"minecraft:sprint_one_cm":148742,"minecraft:damage_taken":3363,"minecraft:walk_one_cm":690303,"minecraft:drop":6,"minecraft:damage_dealt":1260,"minecraft:swim_one_cm":158919,"minecraft:talked_to_villager":13,"minecraft:fly_one_cm":41638,"minecraft:player_kills":2,"minecraft:open_chest":3,"minecraft:crouch_one_cm":53,"minecraft:play_time":183047,"minecraft:deaths":8,"minecraft:sneak_time":32,"minecraft:walk_under_water_one_cm":40906,"minecraft:jump":2711,"minecraft:walk_on_water_one_cm":91844,"minecraft:total_world_time":183047,"minecraft:fall_one_cm":71507},"minecraft:killed":{"minecraft:pig":3,"minecraft:sheep":2,"minecraft:zombie":1,"minecraft:chicken":1,"minecraft:villager":1,"minecraft:cow":1},"minecraft:dropped":{"minecraft:stick":2,"minecraft:torch":1,"minecraft:rose_bush":1,"minecraft:orange_bed":2},"minecraft:mined":{"minecraft:acacia_leaves":6,"minecraft:jungle_leaves":17,"minecraft:dandelion":3,"minecraft:torch":6,"minecraft:glow_lichen":2,"minecraft:acacia_log":43,"minecraft:grass_block":83,"minecraft:poppy":10,"minecraft:melon":13,"minecraft:chest":1,"minecraft:jungle_log":6,"minecraft:rose_bush":11,"minecraft:tall_grass":1,"minecraft:wall_torch":2,"minecraft:iron_ore":1,"minecraft:birch_log":3,"minecraft:wheat":1,"minecraft:birch_leaves":23,"minecraft:pumpkin":15,"minecraft:grass":75,"minecraft:coal_ore":10,"minecraft:pointed_dripstone":3,"minecraft:oak_log":9,"minecraft:dirt_path":7,"minecraft:cocoa":3,"minecraft:vine":3,"minecraft:dripstone_block":1,"minecraft:gravel":2,"minecraft:sand":10,"minecraft:dirt":225,"minecraft:stone":44,"minecraft:oak_leaves":167,"minecraft:fern":4,"minecraft:orange_bed":2}},"DataVersion":3465}