{"stats":{"minecraft:picked_up":{"minecraft:cocoa_beans":9,"minecraft:crafting_table":2,"minecraft:chicken":1,"minecraft:wooden_pickaxe":3,"minecraft:raw_copper":39,"minecraft:iron_leggings":2,"minecraft:beef":13,"minecraft:rose_bush":12,"minecraft:jungle_sapling":1,"minecraft:wooden_shovel":2,"minecraft:poppy":7,"minecraft:iron_pickaxe":2,"minecraft:light_gray_wool":2,"minecraft:melon_slice":98,"minecraft:chest":3,"minecraft:birch_sapling":2,"minecraft:raw_copper_block":3,"minecraft:egg":5,"minecraft:raw_iron":1,"minecraft:stick":69,"minecraft:torch":58,"minecraft:acacia_log":43,"minecraft:porkchop":16,"minecraft:pointed_dripstone":33,"minecraft:diorite":6,"minecraft:orange_bed":5,"minecraft:arrow":4,"minecraft:stone_sword":4,"minecraft:rotten_flesh":6,"minecraft:mutton":8,"minecraft:white_wool":7,"minecraft:cobblestone":342,"minecraft:birch_log":3,"minecraft:magma_block":1,"minecraft:feather":2,"minecraft:jungle_log":10,"minecraft:leather":24,"minecraft:flint":1,"minecraft:oak_log":30,"minecraft:acacia_boat":1,"minecraft:dirt":682,"minecraft:cooked_mutton":25,"minecraft:bone":14,"minecraft:apple":1,"minecraft:acacia_planks":99,"minecraft:wheat_seeds":67,"minecraft:stone_pickaxe":6,"minecraft:tall_grass":3,"minecraft:iron_sword":1,"minecraft:oak_planks":5,"minecraft:cooked_porkchop":16,"minecraft:pumpkin":26,"minecraft:dandelion":6,"minecraft:gravel":24,"minecraft:dripstone_block":16,"minecraft:sand":10,"minecraft:acacia_stairs":30,"minecraft:red_terracotta":1,"minecraft:stone_axe":4,"minecraft:iron_helmet":1,"minecraft:grass":1,"minecraft:bread":7,"minecraft:oak_sapling":11,"minecraft:melon_seeds":4,"minecraft:coal":64},"minecraft:used":{"minecraft:rose_bush":6,"minecraft:stone_sword":262,"minecraft:chest":2,"minecraft:rotten_flesh":2,"minecraft:orange_bed":2,"minecraft:torch":16,"minecraft:dirt":138,"minecraft:mutton":6,"minecraft:jungle_log":1,"minecraft:beef":8,"minecraft:acacia_planks":1,"minecraft:pumpkin":2,"minecraft:iron_leggings":1,"minecraft:wheat_seeds":2,"minecraft:cooked_mutton":2,"minecraft:acacia_boat":2,"minecraft:stone_pickaxe":281,"minecraft:wooden_pickaxe":86,"minecraft:sand":5,"minecraft:oak_log":7,"minecraft:apple":1,"minecraft:melon_slice":47,"minecraft:bread":4,"minecraft:stone_axe":11,"minecraft:cobblestone":1,"minecraft:cooked_porkchop":9,"minecraft:porkchop":8,"minecraft:birch_log":3},"minecraft:crafted":{"minecraft:oak_planks":4,"minecraft:raw_copper_block":3,"minecraft:stone_pickaxe":2,"minecraft:stone_hoe":1,"minecraft:wooden_pickaxe":1,"minecraft:stone_axe":2,"minecraft:acacia_boat":2,"minecraft:stick":24,"minecraft:stone_sword":1,"minecraft:acacia_planks":68},"minecraft:killed_by":{"minecraft:player":8,"minecraft:skeleton":2,"minecraft:zombie":1},"minecraft:broken":{"minecraft:stone_sword":1,"minecraft:wooden_pickaxe":2,"minecraft:stone_pickaxe":1},"minecraft:custom":{"minecraft:mob_kills":32,"minecraft:interact_with_crafting_table":36,"minecraft:leave_game":6,"minecraft:time_since_death":7596,"minecraft:climb_one_cm":20535,"minecraft:sprint_one_cm":412033,"minecraft:walk_one_cm":1235050,"minecraft:drop":21,"minecraft:talked_to_villager":16,"minecraft:play_time":313084,"minecraft:deaths":14,"minecraft:sneak_time":199,"minecraft:walk_under_water_one_cm":49839,"minecraft:boat_one_cm":484695,"minecraft:jump":4277,"minecraft:walk_on_water_one_cm":115181,"minecraft:total_world_time":313084,"minecraft:interact_with_furnace":6,"minecraft:interact_with_cartography_table":1,"minecraft:sleep_in_bed":16,"minecraft:time_since_rest":7626,"minecraft:damage_taken":6040,"minecraft:damage_dealt":4583,"minecraft:swim_one_cm":193326,"minecraft:fly_one_cm":84181,"minecraft:player_kills":2,"minecraft:open_chest":13,"minecraft:crouch_one_cm":829,"minecraft:fall_one_cm":97653},"minecraft:killed":{"minecraft:horse":1,"minecraft:skeleton":1,"minecraft:chicken":3,"minecraft:drowned":2,"minecraft:pig":8,"minecraft:sheep":5,"minecraft:zombie":3,"minecraft:villager":1,"minecraft:cow":8},"minecraft:mined":{"minecraft:jungle_leaves":17,"minecraft:glow_lichen":3,"minecraft:acacia_log":43,"minecraft:grass_block":126,"minecraft:jungle_log":6,"minecraft:iron_ore":1,"minecraft:pumpkin":17,"minecraft:vine":3,"minecraft:pointed_dripstone":6,"minecraft:dirt_path":8,"minecraft:stone":149,"minecraft:orange_bed":2,"minecraft:acacia_leaves":6,"minecraft:melon_stem":1,"minecraft:dandelion":5,"minecraft:torch":8,"minecraft:poppy":10,"minecraft:melon":14,"minecraft:chest":1,"minecraft:rose_bush":11,"minecraft:tall_grass":13,"minecraft:copper_ore":8,"minecraft:diorite":3,"minecraft:wall_torch":2,"minecraft:birch_log":3,"minecraft:wheat":3,"minecraft:birch_leaves":24,"minecraft:grass":200,"minecraft:coal_ore":25,"minecraft:oak_log":19,"minecraft:cocoa":3,"minecraft:dirt":304,"minecraft:dripstone_block":3,"minecraft:gravel":10,"minecraft:sand":10,"minecraft:oak_leaves":171,"minecraft:fern":4},"minecraft:dropped":{"minecraft:acacia_boat":1,"minecraft:wheat_seeds":21,"minecraft:feather":1,"minecraft:stick":2,"minecraft:torch":1,"minecraft:rose_bush":1,"minecraft:iron_leggings":1,"minecraft:pumpkin":2,"minecraft:orange_bed":2,"minecraft:dandelion":2,"minecraft:stone_axe":1,"minecraft:tall_grass":1,"minecraft:rotten_flesh":2,"minecraft:wooden_pickaxe":1,"minecraft:magma_block":1}},"DataVersion":3465}