{"stats":{"minecraft:custom":{"minecraft:time_since_rest":15033,"minecraft:sprint_one_cm":3796,"minecraft:damage_taken":540,"minecraft:walk_one_cm":85744,"minecraft:mob_kills":1,"minecraft:drop":2,"minecraft:damage_dealt":138,"minecraft:fly_one_cm":1860,"minecraft:play_time":20567,"minecraft:deaths":1,"minecraft:jump":428,"minecraft:leave_game":1,"minecraft:time_since_death":14493,"minecraft:climb_one_cm":6308,"minecraft:total_world_time":20567,"minecraft:fall_one_cm":12082},"minecraft:mined":{"minecraft:birch_log":3,"minecraft:birch_leaves":22,"minecraft:grass":21,"minecraft:grass_block":23,"minecraft:oak_log":9,"minecraft:melon":3,"minecraft:cocoa":1,"minecraft:vine":1,"minecraft:jungle_log":3,"minecraft:dirt":11,"minecraft:oak_leaves":97,"minecraft:fern":2},"minecraft:killed":{"minecraft:pig":1},"minecraft:killed_by":{"minecraft:skeleton":1},"minecraft:used":{"minecraft:oak_log":6,"minecraft:apple":1,"minecraft:melon_slice":3,"minecraft:dirt":16,"minecraft:birch_log":2},"minecraft:dropped":{"minecraft:stick":2},"minecraft:picked_up":{"minecraft:birch_log":3,"minecraft:cocoa_beans":3,"minecraft:stick":6,"minecraft:jungle_log":3,"minecraft:porkchop":2,"minecraft:oak_log":9,"minecraft:dirt":34,"minecraft:apple":1,"minecraft:wheat_seeds":1,"minecraft:oak_sapling":6,"minecraft:melon_slice":12,"minecraft:birch_sapling":2,"minecraft:egg":2}},"DataVersion":3465}