{"stats":{"minecraft:picked_up":{"minecraft:birch_log":3,"minecraft:cocoa_beans":9,"minecraft:feather":1,"minecraft:chicken":1,"minecraft:jungle_log":6,"minecraft:leather":4,"minecraft:wooden_pickaxe":1,"minecraft:oak_log":9,"minecraft:dirt":314,"minecraft:apple":1,"minecraft:wheat_seeds":12,"minecraft:beef":2,"minecraft:stone_pickaxe":1,"minecraft:rose_bush":12,"minecraft:jungle_sapling":1,"minecraft:poppy":7,"minecraft:melon_slice":77,"minecraft:chest":2,"minecraft:birch_sapling":2,"minecraft:egg":2,"minecraft:stick":7,"minecraft:pumpkin":11,"minecraft:dandelion":2,"minecraft:torch":11,"minecraft:acacia_log":42,"minecraft:gravel":2,"minecraft:porkchop":5,"minecraft:sand":10,"minecraft:orange_bed":4,"minecraft:stone_sword":1,"minecraft:stone_axe":1,"minecraft:grass":1,"minecraft:bread":7,"minecraft:oak_sapling":11,"minecraft:mutton":3,"minecraft:white_wool":2,"minecraft:cobblestone":2},"minecraft:used":{"minecraft:rose_bush":6,"minecraft:stone_pickaxe":8,"minecraft:chest":1,"minecraft:wooden_pickaxe":13,"minecraft:orange_bed":1,"minecraft:torch":6,"minecraft:sand":5,"minecraft:dirt":112,"minecraft:mutton":3,"minecraft:oak_log":7,"minecraft:apple":1,"minecraft:bread":2,"minecraft:melon_slice":41,"minecraft:jungle_log":1,"minecraft:beef":2,"minecraft:porkchop":2,"minecraft:birch_log":3},"minecraft:killed_by":{"minecraft:player":3,"minecraft:skeleton":2,"minecraft:zombie":1},"minecraft:custom":{"minecraft:mob_kills":8,"minecraft:interact_with_crafting_table":3,"minecraft:leave_game":3,"minecraft:time_since_death":21972,"minecraft:sleep_in_bed":5,"minecraft:climb_one_cm":20535,"minecraft:time_since_rest":4178,"minecraft:sprint_one_cm":113569,"minecraft:damage_taken":3018,"minecraft:walk_one_cm":580593,"minecraft:drop":6,"minecraft:damage_dealt":1169,"minecraft:swim_one_cm":158919,"minecraft:talked_to_villager":13,"minecraft:fly_one_cm":36321,"minecraft:player_kills":2,"minecraft:open_chest":3,"minecraft:crouch_one_cm":14,"minecraft:play_time":159047,"minecraft:deaths":8,"minecraft:sneak_time":28,"minecraft:walk_under_water_one_cm":40906,"minecraft:jump":2449,"minecraft:walk_on_water_one_cm":89814,"minecraft:total_world_time":159047,"minecraft:fall_one_cm":63481},"minecraft:killed":{"minecraft:pig":3,"minecraft:sheep":2,"minecraft:chicken":1,"minecraft:villager":1,"minecraft:cow":1},"minecraft:dropped":{"minecraft:stick":2,"minecraft:torch":1,"minecraft:rose_bush":1,"minecraft:orange_bed":2},"minecraft:mined":{"minecraft:acacia_leaves":6,"minecraft:jungle_leaves":17,"minecraft:dandelion":3,"minecraft:torch":6,"minecraft:glow_lichen":2,"minecraft:acacia_log":43,"minecraft:grass_block":77,"minecraft:poppy":10,"minecraft:melon":13,"minecraft:chest":1,"minecraft:jungle_log":6,"minecraft:rose_bush":11,"minecraft:tall_grass":1,"minecraft:wall_torch":2,"minecraft:birch_log":3,"minecraft:wheat":1,"minecraft:birch_leaves":23,"minecraft:pumpkin":11,"minecraft:grass":75,"minecraft:oak_log":9,"minecraft:dirt_path":7,"minecraft:cocoa":3,"minecraft:vine":3,"minecraft:gravel":2,"minecraft:sand":10,"minecraft:dirt":216,"minecraft:oak_leaves":167,"minecraft:fern":4,"minecraft:orange_bed":2}},"DataVersion":3465}