{"stats":{"minecraft:custom":{"minecraft:mob_kills":7,"minecraft:interact_with_crafting_table":2,"minecraft:leave_game":2,"minecraft:time_since_death":0,"minecraft:sleep_in_bed":4,"minecraft:climb_one_cm":20535,"minecraft:time_since_rest":158,"minecraft:sprint_one_cm":88411,"minecraft:damage_taken":2659,"minecraft:walk_one_cm":481810,"minecraft:drop":6,"minecraft:damage_dealt":830,"minecraft:swim_one_cm":158561,"minecraft:talked_to_villager":11,"minecraft:fly_one_cm":30796,"minecraft:open_chest":3,"minecraft:crouch_one_cm":14,"minecraft:play_time":136147,"minecraft:deaths":7,"minecraft:sneak_time":23,"minecraft:walk_under_water_one_cm":38468,"minecraft:jump":2055,"minecraft:walk_on_water_one_cm":66339,"minecraft:total_world_time":136147,"minecraft:fall_one_cm":58409},"minecraft:mined":{"minecraft:acacia_leaves":2,"minecraft:jungle_leaves":17,"minecraft:dandelion":3,"minecraft:torch":6,"minecraft:glow_lichen":2,"minecraft:acacia_log":2,"minecraft:grass_block":76,"minecraft:poppy":10,"minecraft:melon":13,"minecraft:jungle_log":6,"minecraft:rose_bush":11,"minecraft:tall_grass":1,"minecraft:wall_torch":2,"minecraft:birch_log":3,"minecraft:birch_leaves":23,"minecraft:pumpkin":8,"minecraft:grass":70,"minecraft:oak_log":9,"minecraft:cocoa":3,"minecraft:vine":3,"minecraft:gravel":2,"minecraft:sand":10,"minecraft:dirt":213,"minecraft:oak_leaves":167,"minecraft:orange_bed":2,"minecraft:fern":4},"minecraft:killed":{"minecraft:pig":3,"minecraft:sheep":2,"minecraft:chicken":1,"minecraft:cow":1},"minecraft:killed_by":{"minecraft:player":2,"minecraft:skeleton":2,"minecraft:zombie":1},"minecraft:used":{"minecraft:rose_bush":6,"minecraft:stone_pickaxe":8,"minecraft:wooden_pickaxe":13,"minecraft:orange_bed":1,"minecraft:torch":6,"minecraft:dirt":112,"minecraft:sand":5,"minecraft:mutton":3,"minecraft:oak_log":7,"minecraft:apple":1,"minecraft:melon_slice":41,"minecraft:jungle_log":1,"minecraft:beef":2,"minecraft:porkchop":2,"minecraft:birch_log":3},"minecraft:dropped":{"minecraft:stick":2,"minecraft:torch":1,"minecraft:rose_bush":1,"minecraft:orange_bed":2},"minecraft:picked_up":{"minecraft:birch_log":3,"minecraft:cocoa_beans":9,"minecraft:feather":1,"minecraft:chicken":1,"minecraft:jungle_log":6,"minecraft:leather":2,"minecraft:wooden_pickaxe":1,"minecraft:oak_log":9,"minecraft:dirt":303,"minecraft:apple":1,"minecraft:wheat_seeds":6,"minecraft:beef":2,"minecraft:stone_pickaxe":1,"minecraft:rose_bush":12,"minecraft:jungle_sapling":1,"minecraft:poppy":7,"minecraft:melon_slice":77,"minecraft:birch_sapling":2,"minecraft:egg":2,"minecraft:stick":7,"minecraft:pumpkin":8,"minecraft:acacia_log":2,"minecraft:torch":9,"minecraft:dandelion":2,"minecraft:gravel":2,"minecraft:porkchop":5,"minecraft:sand":10,"minecraft:orange_bed":4,"minecraft:stone_sword":1,"minecraft:stone_axe":1,"minecraft:bread":3,"minecraft:oak_sapling":11,"minecraft:mutton":3,"minecraft:white_wool":2,"minecraft:cobblestone":2}},"DataVersion":3465}