{"stats":{"minecraft:custom":{"minecraft:time_since_rest":8636,"minecraft:sprint_one_cm":53125,"minecraft:damage_taken":1448,"minecraft:walk_one_cm":225449,"minecraft:mob_kills":2,"minecraft:drop":3,"minecraft:damage_dealt":368,"minecraft:swim_one_cm":21226,"minecraft:interact_with_crafting_table":1,"minecraft:fly_one_cm":20522,"minecraft:crouch_one_cm":14,"minecraft:walk_under_water_one_cm":4678,"minecraft:play_time":64147,"minecraft:deaths":4,"minecraft:sneak_time":10,"minecraft:jump":1306,"minecraft:leave_game":2,"minecraft:walk_on_water_one_cm":8504,"minecraft:time_since_death":8256,"minecraft:climb_one_cm":20327,"minecraft:total_world_time":64147,"minecraft:fall_one_cm":35176},"minecraft:mined":{"minecraft:birch_log":3,"minecraft:jungle_leaves":17,"minecraft:birch_leaves":22,"minecraft:dandelion":3,"minecraft:torch":3,"minecraft:grass":48,"minecraft:poppy":10,"minecraft:grass_block":58,"minecraft:oak_log":9,"minecraft:cocoa":3,"minecraft:melon":11,"minecraft:vine":3,"minecraft:jungle_log":6,"minecraft:sand":10,"minecraft:dirt":61,"minecraft:tall_grass":1,"minecraft:oak_leaves":159,"minecraft:fern":4},"minecraft:killed":{"minecraft:pig":2},"minecraft:killed_by":{"minecraft:player":1,"minecraft:skeleton":2},"minecraft:used":{"minecraft:oak_log":7,"minecraft:apple":1,"minecraft:melon_slice":19,"minecraft:jungle_log":1,"minecraft:wooden_pickaxe":13,"minecraft:torch":2,"minecraft:sand":5,"minecraft:dirt":31,"minecraft:birch_log":3},"minecraft:dropped":{"minecraft:torch":1,"minecraft:stick":2},"minecraft:picked_up":{"minecraft:birch_log":3,"minecraft:cocoa_beans":9,"minecraft:stick":6,"minecraft:jungle_log":6,"minecraft:dandelion":2,"minecraft:torch":4,"minecraft:wooden_pickaxe":1,"minecraft:porkchop":3,"minecraft:sand":10,"minecraft:oak_log":9,"minecraft:dirt":126,"minecraft:apple":1,"minecraft:wheat_seeds":4,"minecraft:jungle_sapling":1,"minecraft:poppy":7,"minecraft:oak_sapling":10,"minecraft:melon_slice":67,"minecraft:birch_sapling":2,"minecraft:cobblestone":2,"minecraft:egg":2}},"DataVersion":3465}