{"stats":{"minecraft:custom":{"minecraft:time_since_rest":32636,"minecraft:sprint_one_cm":58474,"minecraft:damage_taken":1678,"minecraft:walk_one_cm":320987,"minecraft:mob_kills":6,"minecraft:drop":3,"minecraft:damage_dealt":557,"minecraft:swim_one_cm":32145,"minecraft:interact_with_crafting_table":1,"minecraft:fly_one_cm":21596,"minecraft:crouch_one_cm":14,"minecraft:walk_under_water_one_cm":11648,"minecraft:play_time":88147,"minecraft:deaths":4,"minecraft:sneak_time":10,"minecraft:jump":1539,"minecraft:leave_game":2,"minecraft:walk_on_water_one_cm":19136,"minecraft:time_since_death":32256,"minecraft:climb_one_cm":20327,"minecraft:total_world_time":88147,"minecraft:fall_one_cm":39092},"minecraft:mined":{"minecraft:birch_log":3,"minecraft:jungle_leaves":17,"minecraft:birch_leaves":23,"minecraft:dandelion":3,"minecraft:torch":4,"minecraft:grass":62,"minecraft:poppy":10,"minecraft:grass_block":73,"minecraft:oak_log":9,"minecraft:cocoa":3,"minecraft:melon":11,"minecraft:vine":3,"minecraft:jungle_log":6,"minecraft:rose_bush":5,"minecraft:gravel":2,"minecraft:sand":10,"minecraft:dirt":148,"minecraft:tall_grass":1,"minecraft:oak_leaves":166,"minecraft:wall_torch":1,"minecraft:fern":4},"minecraft:killed":{"minecraft:sheep":2,"minecraft:pig":3,"minecraft:chicken":1},"minecraft:killed_by":{"minecraft:player":1,"minecraft:skeleton":2},"minecraft:used":{"minecraft:oak_log":7,"minecraft:apple":1,"minecraft:melon_slice":31,"minecraft:jungle_log":1,"minecraft:wooden_pickaxe":13,"minecraft:torch":5,"minecraft:sand":5,"minecraft:dirt":99,"minecraft:birch_log":3},"minecraft:dropped":{"minecraft:torch":1,"minecraft:stick":2},"minecraft:picked_up":{"minecraft:birch_log":3,"minecraft:cocoa_beans":9,"minecraft:stick":7,"minecraft:feather":1,"minecraft:chicken":1,"minecraft:jungle_log":6,"minecraft:dandelion":2,"minecraft:torch":6,"minecraft:wooden_pickaxe":1,"minecraft:gravel":2,"minecraft:porkchop":5,"minecraft:sand":10,"minecraft:oak_log":9,"minecraft:dirt":227,"minecraft:apple":1,"minecraft:wheat_seeds":4,"minecraft:rose_bush":5,"minecraft:jungle_sapling":1,"minecraft:poppy":7,"minecraft:oak_sapling":11,"minecraft:melon_slice":67,"minecraft:mutton":3,"minecraft:birch_sapling":2,"minecraft:white_wool":2,"minecraft:cobblestone":2,"minecraft:egg":2}},"DataVersion":3465}