{"stats":{"minecraft:custom":{"minecraft:time_since_rest":1468,"minecraft:sprint_one_cm":16145,"minecraft:damage_taken":943,"minecraft:walk_one_cm":122094,"minecraft:mob_kills":2,"minecraft:drop":2,"minecraft:damage_dealt":346,"minecraft:interact_with_crafting_table":1,"minecraft:fly_one_cm":6116,"minecraft:crouch_one_cm":14,"minecraft:play_time":31249,"minecraft:sneak_time":10,"minecraft:deaths":3,"minecraft:jump":694,"minecraft:leave_game":2,"minecraft:time_since_death":1431,"minecraft:climb_one_cm":6986,"minecraft:total_world_time":31249,"minecraft:fall_one_cm":18338},"minecraft:mined":{"minecraft:birch_log":3,"minecraft:birch_leaves":22,"minecraft:grass":27,"minecraft:grass_block":32,"minecraft:oak_log":9,"minecraft:melon":3,"minecraft:cocoa":1,"minecraft:vine":1,"minecraft:jungle_log":3,"minecraft:dirt":15,"minecraft:oak_leaves":124,"minecraft:fern":2},"minecraft:killed":{"minecraft:pig":2},"minecraft:killed_by":{"minecraft:player":1,"minecraft:skeleton":2},"minecraft:used":{"minecraft:oak_log":7,"minecraft:apple":1,"minecraft:melon_slice":5,"minecraft:wooden_pickaxe":13,"minecraft:dirt":17,"minecraft:birch_log":3},"minecraft:dropped":{"minecraft:stick":2},"minecraft:picked_up":{"minecraft:birch_log":3,"minecraft:cocoa_beans":3,"minecraft:stick":6,"minecraft:jungle_log":3,"minecraft:wooden_pickaxe":1,"minecraft:porkchop":3,"minecraft:oak_log":9,"minecraft:dirt":54,"minecraft:apple":1,"minecraft:wheat_seeds":2,"minecraft:oak_sapling":9,"minecraft:melon_slice":12,"minecraft:birch_sapling":2,"minecraft:cobblestone":2,"minecraft:egg":2}},"DataVersion":3465}