{"stats":{"minecraft:picked_up":{"minecraft:oak_log":6,"minecraft:oak_sapling":1},"minecraft:used":{"minecraft:wooden_axe":6,"minecraft:crafting_table":1},"minecraft:crafted":{"minecraft:crafting_table":1,"minecraft:oak_planks":12,"minecraft:stick":4,"minecraft:wooden_axe":1},"minecraft:custom":{"minecraft:time_since_rest":2303,"minecraft:play_time":2303,"minecraft:time_since_death":2303,"minecraft:walk_one_cm":1226,"minecraft:total_world_time":2303,"minecraft:interact_with_crafting_table":1},"minecraft:mined":{"minecraft:oak_log":7,"minecraft:oak_leaves":8,"minecraft:crafting_table":1}},"DataVersion":3465}