{"stats":{"minecraft:picked_up":{"minecraft:wooden_axe":3,"minecraft:crafting_table":2,"minecraft:wheat":43,"minecraft:chicken":4,"minecraft:enchanted_book":1,"minecraft:shield":1,"minecraft:acacia_door":1,"minecraft:string":12,"minecraft:raw_copper":6,"minecraft:iron_leggings":1,"minecraft:cobbled_deepslate":6,"minecraft:beef":18,"minecraft:oak_boat":1,"minecraft:iron_pickaxe":1,"minecraft:melon_slice":58,"minecraft:chest":4,"minecraft:birch_sapling":4,"minecraft:egg":2,"minecraft:raw_copper_block":3,"minecraft:furnace":4,"minecraft:raw_iron":30,"minecraft:stick":10,"minecraft:torch":48,"minecraft:acacia_log":26,"minecraft:porkchop":33,"minecraft:pointed_dripstone":22,"minecraft:diorite":4,"minecraft:carrot":1,"minecraft:iron_horse_armor":1,"minecraft:orange_bed":12,"minecraft:stone_sword":1,"minecraft:arrow":1,"minecraft:rotten_flesh":16,"minecraft:beetroot_seeds":11,"minecraft:yellow_terracotta":2,"minecraft:saddle":2,"minecraft:mutton":12,"minecraft:white_wool":7,"minecraft:cobblestone":326,"minecraft:magma_block":1,"minecraft:feather":1,"minecraft:salmon":8,"minecraft:jungle_log":4,"minecraft:brown_wool":4,"minecraft:leather":15,"minecraft:flint":2,"minecraft:oak_log":45,"minecraft:gunpowder":5,"minecraft:dirt":163,"minecraft:bone":5,"minecraft:acacia_planks":46,"minecraft:wheat_seeds":127,"minecraft:raw_gold":3,"minecraft:stone_pickaxe":2,"minecraft:cooked_chicken":1,"minecraft:tall_grass":1,"minecraft:stone_hoe":2,"minecraft:iron_sword":1,"minecraft:cooked_porkchop":8,"minecraft:pumpkin":10,"minecraft:dripstone_block":4,"minecraft:gravel":23,"minecraft:spider_eye":1,"minecraft:red_terracotta":4,"minecraft:stone_axe":3,"minecraft:granite":2,"minecraft:bone_meal":1,"minecraft:bread":4,"minecraft:melon_seeds":1,"minecraft:oak_sapling":2,"minecraft:black_wool":1,"minecraft:coal":165},"minecraft:used":{"minecraft:chest":2,"minecraft:shield":9,"minecraft:stone":5,"minecraft:iron_sword":127,"minecraft:stone_hoe":122,"minecraft:iron_chestplate":1,"minecraft:orange_bed":11,"minecraft:torch":86,"minecraft:dirt":52,"minecraft:carrot":3,"minecraft:wooden_axe":41,"minecraft:iron_boots":1,"minecraft:iron_helmet":1,"minecraft:melon_seeds":22,"minecraft:beef":3,"minecraft:furnace":10,"minecraft:oak_sapling":1,"minecraft:egg":1,"minecraft:cooked_beef":2,"minecraft:pumpkin":1,"minecraft:iron_leggings":1,"minecraft:wheat_seeds":101,"minecraft:stone_pickaxe":110,"minecraft:oak_planks":2,"minecraft:wooden_pickaxe":17,"minecraft:salmon":4,"minecraft:crafting_table":7,"minecraft:acacia_door":1,"minecraft:melon_slice":38,"minecraft:bread":4,"minecraft:brown_wool":1,"minecraft:iron_pickaxe":236,"minecraft:stone_axe":150,"minecraft:cobblestone":44,"minecraft:cooked_porkchop":2,"minecraft:oak_boat":2,"minecraft:bone_meal":6},"minecraft:crafted":{"minecraft:oak_planks":60,"minecraft:cooked_chicken":2,"minecraft:furnace":6,"minecraft:stone":5,"minecraft:bone_meal":6,"minecraft:cooked_mutton":12,"minecraft:iron_boots":1,"minecraft:melon_seeds":21,"minecraft:stone_pickaxe":2,"minecraft:chest":2,"minecraft:stone_hoe":1,"minecraft:wheat":216,"minecraft:cooked_beef":17,"minecraft:cooked_porkchop":33,"minecraft:crafting_table":5,"minecraft:wooden_pickaxe":1,"minecraft:iron_helmet":1,"minecraft:iron_sword":1,"minecraft:cooked_salmon":4,"minecraft:stone_axe":2,"minecraft:bread":67,"minecraft:oak_boat":1,"minecraft:iron_chestplate":1,"minecraft:shield":1,"minecraft:stick":24,"minecraft:iron_ingot":29,"minecraft:iron_pickaxe":1,"minecraft:wooden_axe":1,"minecraft:iron_leggings":1,"minecraft:acacia_planks":4,"minecraft:torch":48},"minecraft:broken":{"minecraft:stone_axe":1},"minecraft:custom":{"minecraft:mob_kills":60,"minecraft:animals_bred":1,"minecraft:interact_with_crafting_table":38,"minecraft:bell_ring":2,"minecraft:leave_game":1,"minecraft:time_since_death":156779,"minecraft:climb_one_cm":1045,"minecraft:sprint_one_cm":71283,"minecraft:walk_one_cm":851503,"minecraft:damage_blocked_by_shield":545,"minecraft:drop":83,"minecraft:talked_to_villager":18,"minecraft:play_time":156779,"minecraft:sneak_time":1876,"minecraft:walk_under_water_one_cm":20821,"minecraft:boat_one_cm":361862,"minecraft:jump":1759,"minecraft:walk_on_water_one_cm":43772,"minecraft:total_world_time":156779,"minecraft:interact_with_furnace":78,"minecraft:sleep_in_bed":14,"minecraft:time_since_rest":16602,"minecraft:damage_taken":1349,"minecraft:damage_dealt":6806,"minecraft:swim_one_cm":10190,"minecraft:fly_one_cm":23812,"minecraft:open_chest":45,"minecraft:crouch_one_cm":8837,"minecraft:fall_one_cm":24315},"minecraft:killed":{"minecraft:spider":3,"minecraft:skeleton":4,"minecraft:chicken":4,"minecraft:pig":14,"minecraft:salmon":11,"minecraft:sheep":6,"minecraft:zombie":11,"minecraft:enderman":1,"minecraft:cow":5},"minecraft:mined":{"minecraft:attached_melon_stem":1,"minecraft:farmland":8,"minecraft:granite":2,"minecraft:acacia_log":2,"minecraft:grass_block":22,"minecraft:jungle_log":2,"minecraft:magma_block":1,"minecraft:furnace":4,"minecraft:iron_ore":10,"minecraft:pumpkin":3,"minecraft:pointed_dripstone":2,"minecraft:dirt_path":2,"minecraft:deepslate_iron_ore":19,"minecraft:stone":167,"minecraft:orange_bed":13,"minecraft:melon_stem":2,"minecraft:crafting_table":3,"minecraft:torch":1,"minecraft:melon":12,"minecraft:chest":3,"minecraft:tall_grass":6,"minecraft:cobblestone":6,"minecraft:wall_torch":9,"minecraft:wheat":41,"minecraft:grass":98,"minecraft:coal_ore":141,"minecraft:oak_log":45,"minecraft:acacia_door":1,"minecraft:gravel":10,"minecraft:dripstone_block":1,"minecraft:dirt":13,"minecraft:gold_ore":3,"minecraft:oak_leaves":19,"minecraft:deepslate":2},"minecraft:dropped":{"minecraft:stone_hoe":2,"minecraft:bread":5,"minecraft:iron_sword":1,"minecraft:wheat_seeds":13,"minecraft:cooked_beef":3,"minecraft:oak_log":1,"minecraft:cooked_porkchop":1,"minecraft:feather":1,"minecraft:iron_helmet":1,"minecraft:cobblestone":67,"minecraft:granite":2,"minecraft:acacia_log":2,"minecraft:coal":1,"minecraft:diorite":2,"minecraft:wooden_axe":4,"minecraft:melon_slice":7,"minecraft:brown_wool":3,"minecraft:iron_leggings":1,"minecraft:bone_meal":1,"minecraft:iron_pickaxe":1,"minecraft:orange_bed":1,"minecraft:white_wool":2,"minecraft:gravel":16,"minecraft:stone_axe":1,"minecraft:cooked_chicken":2,"minecraft:cobbled_deepslate":6,"minecraft:birch_sapling":4,"minecraft:pointed_dripstone":5,"minecraft:cooked_mutton":6,"minecraft:shield":1,"minecraft:beetroot_seeds":14,"minecraft:jungle_log":4,"minecraft:oak_sapling":1,"minecraft:chest":4,"minecraft:stone_pickaxe":1,"minecraft:beef":1,"minecraft:magma_block":1,"minecraft:black_wool":1,"minecraft:egg":1}},"DataVersion":3465}