{"stats":{"minecraft:picked_up":{"minecraft:raw_iron":16,"minecraft:crafting_table":1,"minecraft:chicken":1,"minecraft:pumpkin":2,"minecraft:leather":2,"minecraft:brown_wool":1,"minecraft:torch":4,"minecraft:acacia_log":2,"minecraft:gravel":8,"minecraft:oak_log":15,"minecraft:pointed_dripstone":1,"minecraft:string":3,"minecraft:dirt":26,"minecraft:rotten_flesh":2,"minecraft:wheat_seeds":1,"minecraft:cobbled_deepslate":2,"minecraft:beef":3,"minecraft:oak_sapling":1,"minecraft:melon_slice":9,"minecraft:birch_sapling":1,"minecraft:mutton":2,"minecraft:coal":46,"minecraft:white_wool":1,"minecraft:cobblestone":24,"minecraft:egg":1},"minecraft:used":{"minecraft:wooden_axe":41,"minecraft:melon_slice":8,"minecraft:stone_pickaxe":75,"minecraft:oak_planks":2,"minecraft:wooden_pickaxe":17,"minecraft:stone_axe":26,"minecraft:torch":33,"minecraft:cobblestone":9,"minecraft:crafting_table":4,"minecraft:furnace":1},"minecraft:crafted":{"minecraft:oak_planks":24,"minecraft:crafting_table":3,"minecraft:stick":16,"minecraft:iron_ingot":9,"minecraft:wooden_pickaxe":1,"minecraft:stone_pickaxe":1,"minecraft:wooden_axe":1,"minecraft:furnace":1,"minecraft:acacia_planks":4,"minecraft:torch":32,"minecraft:stone_axe":1},"minecraft:custom":{"minecraft:time_since_rest":24658,"minecraft:interact_with_furnace":4,"minecraft:sprint_one_cm":6183,"minecraft:damage_taken":290,"minecraft:walk_one_cm":120652,"minecraft:mob_kills":8,"minecraft:damage_dealt":1250,"minecraft:interact_with_crafting_table":6,"minecraft:fly_one_cm":2106,"minecraft:open_chest":1,"minecraft:crouch_one_cm":228,"minecraft:play_time":24658,"minecraft:sneak_time":43,"minecraft:walk_under_water_one_cm":1338,"minecraft:jump":297,"minecraft:time_since_death":24658,"minecraft:walk_on_water_one_cm":1757,"minecraft:climb_one_cm":919,"minecraft:total_world_time":24658,"minecraft:fall_one_cm":5596},"minecraft:killed":{"minecraft:sheep":2,"minecraft:zombie":2,"minecraft:chicken":1,"minecraft:spider":2,"minecraft:cow":1},"minecraft:mined":{"minecraft:iron_ore":3,"minecraft:pumpkin":2,"minecraft:crafting_table":2,"minecraft:pointed_dripstone":1,"minecraft:coal_ore":46,"minecraft:grass":12,"minecraft:acacia_log":2,"minecraft:grass_block":5,"minecraft:oak_log":16,"minecraft:melon":2,"minecraft:deepslate_iron_ore":13,"minecraft:gravel":8,"minecraft:dirt":1,"minecraft:stone":24,"minecraft:deepslate":2,"minecraft:wall_torch":3,"minecraft:oak_leaves":14}},"DataVersion":3465}