{"stats":{"minecraft:picked_up":{"minecraft:crafting_table":1,"minecraft:chicken":1,"minecraft:pumpkin":2,"minecraft:brown_wool":1,"minecraft:torch":1,"minecraft:acacia_log":2,"minecraft:gravel":5,"minecraft:oak_log":15,"minecraft:dirt":26,"minecraft:rotten_flesh":2,"minecraft:oak_sapling":1,"minecraft:melon_slice":9,"minecraft:birch_sapling":1,"minecraft:mutton":2,"minecraft:white_wool":1,"minecraft:cobblestone":15,"minecraft:egg":1},"minecraft:used":{"minecraft:wooden_axe":41,"minecraft:melon_slice":3,"minecraft:oak_planks":2,"minecraft:wooden_pickaxe":17,"minecraft:stone_axe":1,"minecraft:crafting_table":3},"minecraft:crafted":{"minecraft:oak_planks":24,"minecraft:crafting_table":3,"minecraft:stick":8,"minecraft:wooden_pickaxe":1,"minecraft:stone_pickaxe":1,"minecraft:wooden_axe":1,"minecraft:acacia_planks":4,"minecraft:stone_axe":1},"minecraft:custom":{"minecraft:time_since_rest":14303,"minecraft:sprint_one_cm":5954,"minecraft:damage_taken":60,"minecraft:walk_one_cm":63355,"minecraft:mob_kills":5,"minecraft:damage_dealt":654,"minecraft:interact_with_crafting_table":3,"minecraft:fly_one_cm":1313,"minecraft:open_chest":1,"minecraft:crouch_one_cm":218,"minecraft:play_time":14303,"minecraft:sneak_time":37,"minecraft:walk_under_water_one_cm":1338,"minecraft:jump":208,"minecraft:time_since_death":14303,"minecraft:walk_on_water_one_cm":1757,"minecraft:climb_one_cm":919,"minecraft:total_world_time":14303,"minecraft:fall_one_cm":2597},"minecraft:killed":{"minecraft:sheep":2,"minecraft:zombie":2,"minecraft:chicken":1},"minecraft:mined":{"minecraft:pumpkin":2,"minecraft:crafting_table":2,"minecraft:grass":8,"minecraft:acacia_log":2,"minecraft:grass_block":5,"minecraft:oak_log":16,"minecraft:melon":2,"minecraft:gravel":5,"minecraft:dirt":1,"minecraft:stone":15,"minecraft:oak_leaves":14}},"DataVersion":3465}