{"stats":{"minecraft:picked_up":{"minecraft:wheat":1,"minecraft:crafting_table":8,"minecraft:feather":3,"minecraft:chicken":4,"minecraft:leather":2,"minecraft:oak_log":9,"minecraft:dirt":29,"minecraft:raw_copper":10,"minecraft:wheat_seeds":9,"minecraft:cobbled_deepslate":16,"minecraft:beef":9,"minecraft:oak_boat":1,"minecraft:acacia_sapling":5,"minecraft:furnace":5,"minecraft:stick":2,"minecraft:raw_iron":18,"minecraft:torch":7,"minecraft:acacia_log":60,"minecraft:dripstone_block":3,"minecraft:gravel":6,"minecraft:pointed_dripstone":6,"minecraft:white_bed":4,"minecraft:rotten_flesh":4,"minecraft:hay_block":11,"minecraft:granite":6,"minecraft:mutton":4,"minecraft:coal":72,"minecraft:cobblestone":307,"minecraft:white_wool":3},"minecraft:used":{"minecraft:cooked_mutton":4,"minecraft:stone_sword":9,"minecraft:stone_pickaxe":396,"minecraft:wooden_pickaxe":56,"minecraft:iron_sword":46,"minecraft:cooked_chicken":4,"minecraft:torch":40,"minecraft:dirt":6,"minecraft:crafting_table":10,"minecraft:white_bed":5,"minecraft:bread":16,"minecraft:stone_axe":99,"minecraft:wooden_sword":109,"minecraft:cobblestone":23,"minecraft:furnace":5,"minecraft:oak_boat":1},"minecraft:crafted":{"minecraft:wooden_sword":1,"minecraft:oak_planks":36,"minecraft:crafting_table":3,"minecraft:wooden_pickaxe":1,"minecraft:cooked_chicken":4,"minecraft:iron_sword":1,"minecraft:furnace":3,"minecraft:stone_axe":1,"minecraft:bread":33,"minecraft:cooked_mutton":4,"minecraft:air":0,"minecraft:oak_boat":1,"minecraft:iron_chestplate":1,"minecraft:stick":50,"minecraft:iron_ingot":18,"minecraft:stone_pickaxe":7,"minecraft:stone_sword":1,"minecraft:iron_leggings":1,"minecraft:white_bed":1,"minecraft:acacia_planks":240,"minecraft:torch":112,"minecraft:wheat":99},"minecraft:killed_by":{"minecraft:skeleton":1},"minecraft:custom":{"minecraft:interact_with_furnace":20,"minecraft:mob_kills":14,"minecraft:interact_with_crafting_table":14,"minecraft:leave_game":1,"minecraft:time_since_death":86354,"minecraft:sleep_in_bed":5,"minecraft:climb_one_cm":1275,"minecraft:time_since_rest":30793,"minecraft:sprint_one_cm":260247,"minecraft:damage_taken":1345,"minecraft:walk_one_cm":274845,"minecraft:drop":18,"minecraft:damage_dealt":2956,"minecraft:swim_one_cm":6096,"minecraft:fly_one_cm":95384,"minecraft:player_kills":6,"minecraft:open_chest":3,"minecraft:crouch_one_cm":10547,"minecraft:play_time":90996,"minecraft:deaths":1,"minecraft:sneak_time":4631,"minecraft:walk_under_water_one_cm":7716,"minecraft:boat_one_cm":28980,"minecraft:jump":1226,"minecraft:walk_on_water_one_cm":15951,"minecraft:total_world_time":90996,"minecraft:fall_one_cm":28925},"minecraft:broken":{"minecraft:stone_pickaxe":3,"minecraft:wooden_pickaxe":1},"minecraft:killed":{"minecraft:sheep":3,"minecraft:zombie":3,"minecraft:chicken":4,"minecraft:cow":4},"minecraft:dropped":{"minecraft:wheat_seeds":9,"minecraft:wheat":1,"minecraft:pointed_dripstone":6,"minecraft:rotten_flesh":4,"minecraft:acacia_sapling":4,"minecraft:wooden_sword":1},"minecraft:mined":{"minecraft:acacia_leaves":19,"minecraft:white_bed":4,"minecraft:farmland":1,"minecraft:crafting_table":8,"minecraft:granite":6,"minecraft:acacia_log":61,"minecraft:grass_block":5,"minecraft:copper_ore":3,"minecraft:tall_grass":6,"minecraft:cobblestone":3,"minecraft:wall_torch":3,"minecraft:deepslate_copper_ore":1,"minecraft:hay_block":11,"minecraft:furnace":5,"minecraft:iron_ore":12,"minecraft:wheat":4,"minecraft:grass":48,"minecraft:deepslate_iron_ore":6,"minecraft:pointed_dripstone":2,"minecraft:oak_log":9,"minecraft:coal_ore":72,"minecraft:dirt_path":2,"minecraft:dripstone_block":3,"minecraft:dirt":21,"minecraft:stone":308,"minecraft:deepslate":16,"minecraft:orange_bed":1,"minecraft:oak_leaves":9}},"DataVersion":3465}