{"stats":{"minecraft:custom":{"minecraft:interact_with_furnace":21,"minecraft:mob_kills":27,"minecraft:interact_with_crafting_table":21,"minecraft:leave_game":6,"minecraft:time_since_death":4294,"minecraft:climb_one_cm":8276,"minecraft:time_since_rest":4359,"minecraft:sprint_one_cm":123613,"minecraft:damage_taken":2838,"minecraft:walk_one_cm":275498,"minecraft:drop":17,"minecraft:damage_dealt":3773,"minecraft:swim_one_cm":174029,"minecraft:fly_one_cm":36769,"minecraft:player_kills":1,"minecraft:open_chest":18,"minecraft:play_time":113641,"minecraft:crouch_one_cm":883,"minecraft:sneak_time":900,"minecraft:deaths":5,"minecraft:walk_under_water_one_cm":75033,"minecraft:jump":1485,"minecraft:walk_on_water_one_cm":90313,"minecraft:total_world_time":113641,"minecraft:fall_one_cm":40488},"minecraft:broken":{"minecraft:stone_pickaxe":1,"minecraft:wooden_axe":1},"minecraft:crafted":{"minecraft:cooked_beef":1,"minecraft:oak_planks":32,"minecraft:cooked_porkchop":1,"minecraft:wooden_pickaxe":1,"minecraft:furnace":1,"minecraft:cooked_salmon":10,"minecraft:stone_axe":4,"minecraft:jungle_planks":8,"minecraft:stick":40,"minecraft:iron_ingot":5,"minecraft:stone_pickaxe":5,"minecraft:stone_sword":3,"minecraft:chest":1,"minecraft:torch":16},"minecraft:mined":{"minecraft:jungle_leaves":9,"minecraft:crafting_table":4,"minecraft:torch":1,"minecraft:grass_block":55,"minecraft:melon":6,"minecraft:jungle_log":14,"minecraft:copper_ore":30,"minecraft:cobblestone":2,"minecraft:birch_log":3,"minecraft:iron_ore":1,"minecraft:grass":17,"minecraft:pointed_dripstone":4,"minecraft:oak_log":18,"minecraft:coal_ore":35,"minecraft:cocoa":7,"minecraft:vine":2,"minecraft:dirt":47,"minecraft:stone":85,"minecraft:oak_leaves":60,"minecraft:fern":1},"minecraft:killed":{"minecraft:salmon":12,"minecraft:squid":1,"minecraft:skeleton":3,"minecraft:zombie":2,"minecraft:chicken":4,"minecraft:drowned":5},"minecraft:killed_by":{"minecraft:spider":1,"minecraft:zombie":1,"minecraft:drowned":1},"minecraft:used":{"minecraft:stone_sword":80,"minecraft:stone_pickaxe":132,"minecraft:oak_planks":1,"minecraft:chest":1,"minecraft:wooden_pickaxe":23,"minecraft:cooked_salmon":8,"minecraft:rotten_flesh":4,"minecraft:torch":26,"minecraft:dirt":104,"minecraft:mutton":1,"minecraft:crafting_table":2,"minecraft:wooden_axe":75,"minecraft:apple":2,"minecraft:chicken":4,"minecraft:melon_slice":9,"minecraft:jungle_log":1,"minecraft:stone_axe":15,"minecraft:cobblestone":26,"minecraft:furnace":1,"minecraft:porkchop":1,"minecraft:cooked_beef":2},"minecraft:dropped":{"minecraft:stone_axe":1,"minecraft:wheat_seeds":2,"minecraft:stone_sword":1,"minecraft:pointed_dripstone":7,"minecraft:dirt":1,"minecraft:wooden_axe":1,"minecraft:wooden_pickaxe":2,"minecraft:stone_pickaxe":2},"minecraft:picked_up":{"minecraft:wooden_axe":2,"minecraft:cocoa_beans":21,"minecraft:crafting_table":4,"minecraft:feather":5,"minecraft:chicken":4,"minecraft:salmon":10,"minecraft:jungle_log":14,"minecraft:wooden_pickaxe":3,"minecraft:flint":1,"minecraft:oak_log":23,"minecraft:dirt":164,"minecraft:raw_copper":104,"minecraft:wooden_sword":1,"minecraft:bone":3,"minecraft:apple":2,"minecraft:wheat_seeds":6,"minecraft:jungle_sapling":1,"minecraft:melon_slice":23,"minecraft:oak_planks":13,"minecraft:egg":3,"minecraft:furnace":1,"minecraft:stick":4,"minecraft:raw_iron":1,"minecraft:copper_ingot":1,"minecraft:torch":7,"minecraft:dripstone_block":3,"minecraft:gravel":5,"minecraft:porkchop":1,"minecraft:pointed_dripstone":7,"minecraft:stone_sword":3,"minecraft:rotten_flesh":6,"minecraft:arrow":5,"minecraft:stone_axe":1,"minecraft:oak_sapling":6,"minecraft:mutton":2,"minecraft:coal":49,"minecraft:white_wool":2,"minecraft:cobblestone":91,"minecraft:birch_log":4}},"DataVersion":3465}