{"stats":{"minecraft:custom":{"minecraft:time_since_rest":8205,"minecraft:crouch_one_cm":129,"minecraft:sprint_one_cm":1361,"minecraft:play_time":8205,"minecraft:damage_taken":50,"minecraft:walk_one_cm":20737,"minecraft:sneak_time":23,"minecraft:drop":1,"minecraft:jump":145,"minecraft:damage_dealt":208,"minecraft:leave_game":1,"minecraft:time_since_death":8205,"minecraft:total_world_time":8205,"minecraft:climb_one_cm":2429,"minecraft:fly_one_cm":1045,"minecraft:fall_one_cm":2568,"minecraft:interact_with_crafting_table":2},"minecraft:crafted":{"minecraft:stone_axe":1,"minecraft:stick":8,"minecraft:stone_pickaxe":1,"minecraft:wooden_pickaxe":1,"minecraft:jungle_planks":8},"minecraft:mined":{"minecraft:grass":2,"minecraft:grass_block":12,"minecraft:cocoa":2,"minecraft:vine":1,"minecraft:jungle_log":12,"minecraft:dirt":2,"minecraft:jungle_leaves":5,"minecraft:stone":8,"minecraft:oak_leaves":9,"minecraft:crafting_table":2},"minecraft:used":{"minecraft:stone_axe":1,"minecraft:stone_sword":9,"minecraft:dirt":14,"minecraft:crafting_table":1,"minecraft:wooden_pickaxe":8},"minecraft:dropped":{"minecraft:wooden_pickaxe":1},"minecraft:picked_up":{"minecraft:cocoa_beans":6,"minecraft:crafting_table":1,"minecraft:stone_sword":1,"minecraft:jungle_log":12,"minecraft:oak_log":5,"minecraft:dirt":28,"minecraft:cobblestone":8}},"DataVersion":3465}