{"stats":{"minecraft:custom":{"minecraft:interact_with_furnace":19,"minecraft:mob_kills":26,"minecraft:interact_with_crafting_table":13,"minecraft:leave_game":4,"minecraft:time_since_death":30357,"minecraft:climb_one_cm":6591,"minecraft:time_since_rest":30439,"minecraft:sprint_one_cm":90102,"minecraft:damage_taken":1553,"minecraft:walk_one_cm":229342,"minecraft:drop":12,"minecraft:damage_dealt":3193,"minecraft:swim_one_cm":79356,"minecraft:fly_one_cm":20429,"minecraft:player_kills":1,"minecraft:open_chest":10,"minecraft:play_time":91363,"minecraft:crouch_one_cm":883,"minecraft:sneak_time":900,"minecraft:deaths":2,"minecraft:walk_under_water_one_cm":63079,"minecraft:jump":1197,"minecraft:walk_on_water_one_cm":71759,"minecraft:total_world_time":91363,"minecraft:fall_one_cm":24074},"minecraft:broken":{"minecraft:stone_pickaxe":1,"minecraft:wooden_axe":1},"minecraft:crafted":{"minecraft:oak_planks":20,"minecraft:cooked_porkchop":1,"minecraft:wooden_pickaxe":1,"minecraft:furnace":1,"minecraft:cooked_salmon":10,"minecraft:stone_axe":2,"minecraft:jungle_planks":8,"minecraft:stick":16,"minecraft:iron_ingot":5,"minecraft:stone_pickaxe":2,"minecraft:stone_sword":1,"minecraft:chest":1,"minecraft:torch":12},"minecraft:mined":{"minecraft:jungle_leaves":8,"minecraft:crafting_table":4,"minecraft:torch":1,"minecraft:grass_block":54,"minecraft:melon":6,"minecraft:jungle_log":14,"minecraft:copper_ore":30,"minecraft:cobblestone":2,"minecraft:birch_log":3,"minecraft:iron_ore":1,"minecraft:grass":14,"minecraft:pointed_dripstone":4,"minecraft:oak_log":18,"minecraft:coal_ore":35,"minecraft:cocoa":7,"minecraft:vine":2,"minecraft:dirt":47,"minecraft:stone":85,"minecraft:oak_leaves":56,"minecraft:fern":1},"minecraft:killed":{"minecraft:salmon":12,"minecraft:squid":1,"minecraft:skeleton":2,"minecraft:zombie":2,"minecraft:chicken":4,"minecraft:drowned":5},"minecraft:killed_by":{"minecraft:zombie":1,"minecraft:drowned":1},"minecraft:used":{"minecraft:stone_sword":80,"minecraft:stone_pickaxe":132,"minecraft:oak_planks":1,"minecraft:chest":1,"minecraft:wooden_pickaxe":23,"minecraft:cooked_salmon":8,"minecraft:rotten_flesh":3,"minecraft:torch":26,"minecraft:dirt":101,"minecraft:mutton":1,"minecraft:crafting_table":2,"minecraft:wooden_axe":75,"minecraft:apple":2,"minecraft:melon_slice":6,"minecraft:chicken":4,"minecraft:jungle_log":1,"minecraft:stone_axe":4,"minecraft:cobblestone":26,"minecraft:furnace":1,"minecraft:porkchop":1},"minecraft:dropped":{"minecraft:wheat_seeds":2,"minecraft:pointed_dripstone":7,"minecraft:dirt":1,"minecraft:wooden_pickaxe":2},"minecraft:picked_up":{"minecraft:wooden_axe":2,"minecraft:birch_log":4,"minecraft:cocoa_beans":21,"minecraft:crafting_table":4,"minecraft:feather":5,"minecraft:chicken":4,"minecraft:salmon":10,"minecraft:jungle_log":14,"minecraft:wooden_pickaxe":3,"minecraft:flint":1,"minecraft:oak_log":23,"minecraft:dirt":163,"minecraft:raw_copper":104,"minecraft:wooden_sword":1,"minecraft:bone":3,"minecraft:apple":2,"minecraft:wheat_seeds":3,"minecraft:melon_slice":23,"minecraft:oak_planks":13,"minecraft:egg":3,"minecraft:furnace":1,"minecraft:stick":4,"minecraft:raw_iron":1,"minecraft:copper_ingot":1,"minecraft:torch":7,"minecraft:dripstone_block":3,"minecraft:gravel":5,"minecraft:porkchop":1,"minecraft:pointed_dripstone":7,"minecraft:rotten_flesh":5,"minecraft:stone_sword":3,"minecraft:arrow":4,"minecraft:stone_axe":1,"minecraft:oak_sapling":5,"minecraft:mutton":2,"minecraft:coal":49,"minecraft:white_wool":2,"minecraft:cobblestone":91}},"DataVersion":3465}