{"stats":{"minecraft:custom":{"minecraft:time_since_rest":6273,"minecraft:sprint_one_cm":26140,"minecraft:damage_taken":548,"minecraft:walk_one_cm":71118,"minecraft:mob_kills":5,"minecraft:drop":1,"minecraft:damage_dealt":1049,"minecraft:player_kills":1,"minecraft:interact_with_crafting_table":4,"minecraft:fly_one_cm":6831,"minecraft:crouch_one_cm":629,"minecraft:play_time":19528,"minecraft:deaths":1,"minecraft:sneak_time":730,"minecraft:jump":333,"minecraft:leave_game":3,"minecraft:time_since_death":6153,"minecraft:total_world_time":19528,"minecraft:climb_one_cm":2573,"minecraft:fall_one_cm":8505},"minecraft:crafted":{"minecraft:oak_planks":4,"minecraft:stick":16,"minecraft:wooden_pickaxe":1,"minecraft:stone_pickaxe":1,"minecraft:stone_axe":1,"minecraft:jungle_planks":8},"minecraft:mined":{"minecraft:birch_log":3,"minecraft:jungle_leaves":5,"minecraft:crafting_table":3,"minecraft:grass":8,"minecraft:oak_log":13,"minecraft:grass_block":22,"minecraft:cocoa":2,"minecraft:vine":1,"minecraft:jungle_log":12,"minecraft:dirt":7,"minecraft:stone":8,"minecraft:oak_leaves":19},"minecraft:killed":{"minecraft:skeleton":1,"minecraft:chicken":4},"minecraft:killed_by":{"minecraft:zombie":1},"minecraft:used":{"minecraft:wooden_axe":25,"minecraft:apple":2,"minecraft:stone_sword":33,"minecraft:chicken":2,"minecraft:wooden_pickaxe":8,"minecraft:stone_axe":1,"minecraft:dirt":32,"minecraft:mutton":1,"minecraft:crafting_table":1,"minecraft:porkchop":1},"minecraft:dropped":{"minecraft:wooden_pickaxe":1},"minecraft:picked_up":{"minecraft:wooden_axe":2,"minecraft:birch_log":4,"minecraft:crafting_table":3,"minecraft:cocoa_beans":6,"minecraft:stick":2,"minecraft:feather":5,"minecraft:chicken":4,"minecraft:jungle_log":12,"minecraft:wooden_pickaxe":2,"minecraft:gravel":5,"minecraft:porkchop":1,"minecraft:flint":1,"minecraft:oak_log":18,"minecraft:dirt":90,"minecraft:wooden_sword":1,"minecraft:arrow":4,"minecraft:stone_sword":3,"minecraft:bone":3,"minecraft:apple":2,"minecraft:stone_axe":1,"minecraft:wheat_seeds":2,"minecraft:oak_sapling":3,"minecraft:egg":3,"minecraft:mutton":2,"minecraft:oak_planks":13,"minecraft:coal":15,"minecraft:white_wool":2,"minecraft:cobblestone":14,"minecraft:furnace":1}},"DataVersion":3465}