{"stats":{"minecraft:custom":{"minecraft:interact_with_furnace":21,"minecraft:mob_kills":27,"minecraft:animals_bred":1,"minecraft:interact_with_cartography_table":1,"minecraft:interact_with_crafting_table":21,"minecraft:leave_game":7,"minecraft:time_since_death":5757,"minecraft:sleep_in_bed":2,"minecraft:climb_one_cm":8276,"minecraft:time_since_rest":5796,"minecraft:sprint_one_cm":150217,"minecraft:damage_taken":3113,"minecraft:walk_one_cm":342704,"minecraft:drop":17,"minecraft:damage_dealt":4292,"minecraft:talked_to_villager":11,"minecraft:swim_one_cm":174029,"minecraft:fly_one_cm":41380,"minecraft:player_kills":3,"minecraft:open_chest":28,"minecraft:play_time":131912,"minecraft:crouch_one_cm":883,"minecraft:sneak_time":900,"minecraft:deaths":6,"minecraft:walk_under_water_one_cm":75972,"minecraft:jump":1570,"minecraft:walk_on_water_one_cm":91658,"minecraft:interact_with_smoker":1,"minecraft:total_world_time":131912,"minecraft:fall_one_cm":41999},"minecraft:broken":{"minecraft:stone_pickaxe":1,"minecraft:wooden_axe":1},"minecraft:crafted":{"minecraft:cooked_beef":1,"minecraft:oak_planks":32,"minecraft:cooked_porkchop":1,"minecraft:wooden_pickaxe":1,"minecraft:furnace":1,"minecraft:cooked_salmon":10,"minecraft:stone_axe":4,"minecraft:jungle_planks":8,"minecraft:stick":40,"minecraft:iron_ingot":5,"minecraft:stone_pickaxe":5,"minecraft:stone_sword":3,"minecraft:chest":1,"minecraft:torch":16,"minecraft:wheat":9},"minecraft:mined":{"minecraft:melon_stem":2,"minecraft:jungle_leaves":9,"minecraft:crafting_table":4,"minecraft:torch":1,"minecraft:grass_block":55,"minecraft:melon":17,"minecraft:chest":2,"minecraft:jungle_log":14,"minecraft:copper_ore":30,"minecraft:cobblestone":2,"minecraft:wall_torch":1,"minecraft:hay_block":27,"minecraft:birch_log":3,"minecraft:iron_ore":1,"minecraft:wheat":18,"minecraft:grass":24,"minecraft:pointed_dripstone":4,"minecraft:oak_log":18,"minecraft:coal_ore":35,"minecraft:cocoa":7,"minecraft:vine":2,"minecraft:acacia_fence":2,"minecraft:acacia_door":1,"minecraft:dirt":47,"minecraft:stone":85,"minecraft:oak_leaves":64,"minecraft:orange_bed":4,"minecraft:fern":1},"minecraft:killed":{"minecraft:salmon":12,"minecraft:squid":1,"minecraft:skeleton":3,"minecraft:zombie":2,"minecraft:chicken":4,"minecraft:drowned":5},"minecraft:killed_by":{"minecraft:player":1,"minecraft:spider":1,"minecraft:zombie":1,"minecraft:drowned":1},"minecraft:used":{"minecraft:stone_sword":80,"minecraft:stone_pickaxe":132,"minecraft:oak_planks":1,"minecraft:chest":2,"minecraft:wooden_pickaxe":23,"minecraft:cooked_salmon":8,"minecraft:rotten_flesh":6,"minecraft:orange_bed":4,"minecraft:torch":26,"minecraft:dirt":104,"minecraft:mutton":1,"minecraft:crafting_table":2,"minecraft:wooden_axe":75,"minecraft:apple":2,"minecraft:bread":3,"minecraft:chicken":4,"minecraft:melon_slice":9,"minecraft:jungle_log":1,"minecraft:stone_axe":15,"minecraft:cobblestone":26,"minecraft:furnace":1,"minecraft:porkchop":1,"minecraft:acacia_fence":1,"minecraft:cooked_beef":2},"minecraft:dropped":{"minecraft:stone_axe":1,"minecraft:wheat_seeds":2,"minecraft:stone_sword":1,"minecraft:pointed_dripstone":7,"minecraft:dirt":1,"minecraft:wooden_axe":1,"minecraft:wooden_pickaxe":2,"minecraft:stone_pickaxe":2},"minecraft:picked_up":{"minecraft:wooden_axe":2,"minecraft:cocoa_beans":21,"minecraft:crafting_table":4,"minecraft:feather":5,"minecraft:chicken":4,"minecraft:salmon":10,"minecraft:jungle_log":14,"minecraft:leather":2,"minecraft:wooden_pickaxe":3,"minecraft:flint":1,"minecraft:oak_log":23,"minecraft:dirt":164,"minecraft:raw_copper":104,"minecraft:wooden_sword":1,"minecraft:bone":3,"minecraft:apple":2,"minecraft:wheat_seeds":26,"minecraft:jungle_sapling":1,"minecraft:tall_grass":1,"minecraft:melon_slice":77,"minecraft:chest":2,"minecraft:oak_planks":13,"minecraft:acacia_sapling":1,"minecraft:egg":3,"minecraft:furnace":1,"minecraft:stick":4,"minecraft:raw_iron":1,"minecraft:acacia_fence":2,"minecraft:copper_ingot":1,"minecraft:torch":8,"minecraft:dripstone_block":3,"minecraft:gravel":5,"minecraft:porkchop":1,"minecraft:pointed_dripstone":7,"minecraft:orange_bed":5,"minecraft:stone_sword":3,"minecraft:rotten_flesh":8,"minecraft:arrow":5,"minecraft:stone_axe":1,"minecraft:hay_block":26,"minecraft:grass":2,"minecraft:oak_sapling":7,"minecraft:melon_seeds":4,"minecraft:mutton":2,"minecraft:coal":49,"minecraft:white_wool":2,"minecraft:cobblestone":91,"minecraft:birch_log":4}},"DataVersion":3465}