{"stats":{"minecraft:broken":{"minecraft:wooden_axe":1},"minecraft:custom":{"minecraft:interact_with_furnace":5,"minecraft:mob_kills":11,"minecraft:interact_with_crafting_table":6,"minecraft:leave_game":3,"minecraft:time_since_death":18153,"minecraft:climb_one_cm":2573,"minecraft:time_since_rest":18273,"minecraft:sprint_one_cm":33393,"minecraft:damage_taken":618,"minecraft:walk_one_cm":95740,"minecraft:drop":2,"minecraft:damage_dealt":1369,"minecraft:swim_one_cm":12864,"minecraft:fly_one_cm":8407,"minecraft:player_kills":1,"minecraft:crouch_one_cm":776,"minecraft:play_time":31528,"minecraft:deaths":1,"minecraft:sneak_time":812,"minecraft:walk_under_water_one_cm":19024,"minecraft:jump":440,"minecraft:walk_on_water_one_cm":7064,"minecraft:total_world_time":31528,"minecraft:fall_one_cm":10996},"minecraft:crafted":{"minecraft:oak_planks":4,"minecraft:wooden_pickaxe":1,"minecraft:furnace":1,"minecraft:cooked_salmon":2,"minecraft:stone_axe":2,"minecraft:jungle_planks":8,"minecraft:stick":16,"minecraft:stone_pickaxe":2,"minecraft:stone_sword":1},"minecraft:mined":{"minecraft:jungle_leaves":5,"minecraft:crafting_table":4,"minecraft:grass_block":24,"minecraft:jungle_log":12,"minecraft:cobblestone":1,"minecraft:birch_log":3,"minecraft:grass":8,"minecraft:coal_ore":3,"minecraft:oak_log":18,"minecraft:cocoa":2,"minecraft:vine":1,"minecraft:dirt":8,"minecraft:stone":40,"minecraft:oak_leaves":39},"minecraft:killed":{"minecraft:salmon":5,"minecraft:squid":1,"minecraft:skeleton":1,"minecraft:chicken":4},"minecraft:killed_by":{"minecraft:zombie":1},"minecraft:used":{"minecraft:stone_sword":33,"minecraft:stone_pickaxe":22,"minecraft:wooden_pickaxe":23,"minecraft:cooked_salmon":2,"minecraft:dirt":54,"minecraft:mutton":1,"minecraft:crafting_table":2,"minecraft:wooden_axe":57,"minecraft:apple":2,"minecraft:chicken":4,"minecraft:stone_axe":4,"minecraft:cobblestone":7,"minecraft:furnace":1,"minecraft:porkchop":1},"minecraft:dropped":{"minecraft:wooden_pickaxe":2},"minecraft:picked_up":{"minecraft:wooden_axe":2,"minecraft:birch_log":4,"minecraft:cocoa_beans":6,"minecraft:crafting_table":4,"minecraft:feather":5,"minecraft:chicken":4,"minecraft:jungle_log":12,"minecraft:salmon":3,"minecraft:wooden_pickaxe":3,"minecraft:flint":1,"minecraft:oak_log":23,"minecraft:dirt":93,"minecraft:wooden_sword":1,"minecraft:bone":3,"minecraft:apple":2,"minecraft:wheat_seeds":2,"minecraft:oak_planks":13,"minecraft:furnace":1,"minecraft:egg":3,"minecraft:stick":2,"minecraft:dripstone_block":3,"minecraft:gravel":5,"minecraft:porkchop":1,"minecraft:stone_sword":3,"minecraft:arrow":4,"minecraft:stone_axe":1,"minecraft:oak_sapling":3,"minecraft:mutton":2,"minecraft:coal":17,"minecraft:white_wool":2,"minecraft:cobblestone":50}},"DataVersion":3465}