{"stats":{"minecraft:broken":{"minecraft:wooden_axe":1},"minecraft:custom":{"minecraft:interact_with_furnace":14,"minecraft:mob_kills":20,"minecraft:interact_with_crafting_table":8,"minecraft:leave_game":3,"minecraft:time_since_death":42153,"minecraft:climb_one_cm":2573,"minecraft:time_since_rest":42273,"minecraft:sprint_one_cm":45957,"minecraft:damage_taken":678,"minecraft:walk_one_cm":154182,"minecraft:drop":11,"minecraft:damage_dealt":1754,"minecraft:swim_one_cm":30311,"minecraft:fly_one_cm":9780,"minecraft:player_kills":1,"minecraft:open_chest":5,"minecraft:crouch_one_cm":776,"minecraft:play_time":55528,"minecraft:deaths":1,"minecraft:sneak_time":812,"minecraft:walk_under_water_one_cm":37257,"minecraft:jump":641,"minecraft:walk_on_water_one_cm":21988,"minecraft:total_world_time":55528,"minecraft:fall_one_cm":11627},"minecraft:crafted":{"minecraft:oak_planks":20,"minecraft:cooked_porkchop":1,"minecraft:wooden_pickaxe":1,"minecraft:furnace":1,"minecraft:cooked_salmon":7,"minecraft:stone_axe":2,"minecraft:jungle_planks":8,"minecraft:stick":16,"minecraft:iron_ingot":5,"minecraft:stone_pickaxe":2,"minecraft:stone_sword":1,"minecraft:chest":1,"minecraft:torch":12},"minecraft:mined":{"minecraft:jungle_leaves":5,"minecraft:crafting_table":4,"minecraft:torch":1,"minecraft:grass_block":26,"minecraft:jungle_log":12,"minecraft:copper_ore":30,"minecraft:cobblestone":2,"minecraft:birch_log":3,"minecraft:iron_ore":1,"minecraft:grass":8,"minecraft:pointed_dripstone":4,"minecraft:coal_ore":34,"minecraft:oak_log":18,"minecraft:cocoa":2,"minecraft:vine":1,"minecraft:dirt":11,"minecraft:stone":67,"minecraft:oak_leaves":39},"minecraft:killed":{"minecraft:salmon":12,"minecraft:squid":1,"minecraft:skeleton":2,"minecraft:zombie":1,"minecraft:chicken":4},"minecraft:killed_by":{"minecraft:zombie":1},"minecraft:used":{"minecraft:stone_sword":50,"minecraft:stone_pickaxe":113,"minecraft:oak_planks":1,"minecraft:chest":1,"minecraft:wooden_pickaxe":23,"minecraft:cooked_salmon":4,"minecraft:torch":26,"minecraft:dirt":58,"minecraft:mutton":1,"minecraft:crafting_table":2,"minecraft:wooden_axe":57,"minecraft:apple":2,"minecraft:chicken":4,"minecraft:stone_axe":4,"minecraft:cobblestone":26,"minecraft:furnace":1,"minecraft:porkchop":1},"minecraft:dropped":{"minecraft:wheat_seeds":2,"minecraft:pointed_dripstone":7,"minecraft:wooden_pickaxe":2},"minecraft:picked_up":{"minecraft:wooden_axe":2,"minecraft:birch_log":4,"minecraft:cocoa_beans":6,"minecraft:crafting_table":4,"minecraft:feather":5,"minecraft:chicken":4,"minecraft:jungle_log":12,"minecraft:salmon":10,"minecraft:wooden_pickaxe":3,"minecraft:flint":1,"minecraft:oak_log":23,"minecraft:dirt":98,"minecraft:raw_copper":104,"minecraft:wooden_sword":1,"minecraft:bone":3,"minecraft:apple":2,"minecraft:wheat_seeds":3,"minecraft:oak_planks":13,"minecraft:furnace":1,"minecraft:egg":3,"minecraft:raw_iron":1,"minecraft:stick":2,"minecraft:torch":7,"minecraft:dripstone_block":3,"minecraft:gravel":5,"minecraft:porkchop":1,"minecraft:pointed_dripstone":7,"minecraft:rotten_flesh":2,"minecraft:stone_sword":3,"minecraft:arrow":4,"minecraft:stone_axe":1,"minecraft:oak_sapling":3,"minecraft:mutton":2,"minecraft:coal":48,"minecraft:white_wool":2,"minecraft:cobblestone":78}},"DataVersion":3465}