{"stats":{"minecraft:picked_up":{"minecraft:crafting_table":2,"minecraft:jungle_boat":1,"minecraft:feather":3,"minecraft:chicken":2,"minecraft:jungle_log":8,"minecraft:acacia_log":4,"minecraft:oak_log":11,"minecraft:dirt":63,"minecraft:rotten_flesh":1,"minecraft:wheat_seeds":2,"minecraft:jungle_sapling":1,"minecraft:bamboo":8,"minecraft:melon_slice":26,"minecraft:egg":1},"minecraft:used":{"minecraft:oak_fence":21,"minecraft:wooden_axe":77,"minecraft:melon_slice":17,"minecraft:jungle_fence":9,"minecraft:oak_sign":3,"minecraft:wooden_shovel":59,"minecraft:jungle_boat":2,"minecraft:dirt":60,"minecraft:crafting_table":3},"minecraft:crafted":{"minecraft:oak_planks":44,"minecraft:wooden_shovel":1,"minecraft:oak_sign":3,"minecraft:crafting_table":1,"minecraft:stick":28,"minecraft:jungle_boat":1,"minecraft:wooden_axe":1,"minecraft:jungle_fence":9,"minecraft:acacia_planks":16,"minecraft:oak_fence":21,"minecraft:jungle_planks":32},"minecraft:broken":{"minecraft:wooden_axe":1,"minecraft:wooden_shovel":1},"minecraft:custom":{"minecraft:time_since_rest":24108,"minecraft:sprint_one_cm":64962,"minecraft:damage_taken":896,"minecraft:walk_one_cm":83177,"minecraft:mob_kills":2,"minecraft:damage_dealt":125,"minecraft:talked_to_villager":2,"minecraft:interact_with_crafting_table":10,"minecraft:fly_one_cm":22680,"minecraft:open_chest":1,"minecraft:crouch_one_cm":91,"minecraft:play_time":33062,"minecraft:deaths":2,"minecraft:sneak_time":12,"minecraft:walk_under_water_one_cm":7849,"minecraft:boat_one_cm":79335,"minecraft:jump":387,"minecraft:leave_game":1,"minecraft:walk_on_water_one_cm":19508,"minecraft:time_since_death":24036,"minecraft:interact_with_smoker":3,"minecraft:climb_one_cm":5814,"minecraft:total_world_time":33062,"minecraft:fall_one_cm":16980},"minecraft:killed":{"minecraft:chicken":2},"minecraft:mined":{"minecraft:acacia_leaves":1,"minecraft:jungle_leaves":7,"minecraft:crafting_table":2,"minecraft:grass":22,"minecraft:acacia_log":4,"minecraft:grass_block":20,"minecraft:oak_log":11,"minecraft:melon":8,"minecraft:cocoa":2,"minecraft:vine":1,"minecraft:jungle_log":8,"minecraft:dirt":48,"minecraft:bamboo":2,"minecraft:oak_leaves":4,"minecraft:fern":4}},"DataVersion":3465}