{"stats":{"minecraft:picked_up":{"minecraft:dirt":5},"minecraft:used":{"minecraft:dirt":3},"minecraft:custom":{"minecraft:jump":33,"minecraft:time_since_rest":3971,"minecraft:sprint_one_cm":344,"minecraft:play_time":3971,"minecraft:damage_taken":70,"minecraft:time_since_death":3971,"minecraft:walk_one_cm":1639,"minecraft:climb_one_cm":268,"minecraft:total_world_time":3971,"minecraft:fall_one_cm":2132,"minecraft:fly_one_cm":620},"minecraft:mined":{"minecraft:grass_block":3,"minecraft:dirt":2}},"DataVersion":3465}