{"stats":{"minecraft:picked_up":{"minecraft:crafting_table":2,"minecraft:jungle_boat":1,"minecraft:feather":3,"minecraft:chicken":2,"minecraft:jungle_log":8,"minecraft:dirt":6,"minecraft:wheat_seeds":2,"minecraft:jungle_sapling":1,"minecraft:bamboo":8,"minecraft:melon_slice":17,"minecraft:egg":1},"minecraft:used":{"minecraft:wooden_axe":56,"minecraft:melon_slice":4,"minecraft:jungle_boat":1,"minecraft:dirt":3,"minecraft:crafting_table":2},"minecraft:crafted":{"minecraft:crafting_table":1,"minecraft:stick":4,"minecraft:jungle_boat":1,"minecraft:wooden_axe":1,"minecraft:jungle_planks":32},"minecraft:custom":{"minecraft:time_since_rest":7017,"minecraft:sprint_one_cm":27072,"minecraft:damage_taken":710,"minecraft:walk_one_cm":34068,"minecraft:mob_kills":2,"minecraft:damage_dealt":115,"minecraft:interact_with_crafting_table":2,"minecraft:fly_one_cm":10928,"minecraft:play_time":15971,"minecraft:deaths":2,"minecraft:walk_under_water_one_cm":3774,"minecraft:boat_one_cm":30105,"minecraft:jump":232,"minecraft:walk_on_water_one_cm":4101,"minecraft:time_since_death":6945,"minecraft:climb_one_cm":5252,"minecraft:total_world_time":15971,"minecraft:fall_one_cm":14636},"minecraft:killed":{"minecraft:chicken":2},"minecraft:mined":{"minecraft:jungle_leaves":7,"minecraft:crafting_table":2,"minecraft:grass":20,"minecraft:grass_block":4,"minecraft:melon":5,"minecraft:cocoa":2,"minecraft:vine":1,"minecraft:jungle_log":8,"minecraft:dirt":2,"minecraft:bamboo":2,"minecraft:oak_leaves":3,"minecraft:fern":4}},"DataVersion":3465}