{"stats":{"minecraft:picked_up":{"minecraft:wooden_axe":2,"minecraft:crafting_table":3,"minecraft:feather":3,"minecraft:chicken":4,"minecraft:salmon":3,"minecraft:leather":5,"minecraft:wooden_pickaxe":2,"minecraft:acacia_wood":91,"minecraft:flint":1,"minecraft:oak_log":30,"minecraft:string":2,"minecraft:dirt":63,"minecraft:acacia_door":3,"minecraft:cooked_salmon":2,"minecraft:wooden_sword":1,"minecraft:bone":2,"minecraft:acacia_planks":39,"minecraft:apple":1,"minecraft:wheat_seeds":16,"minecraft:beef":9,"minecraft:stone_pickaxe":1,"minecraft:tall_grass":3,"minecraft:melon_slice":88,"minecraft:chest":3,"minecraft:oak_planks":1,"minecraft:acacia_sapling":5,"minecraft:furnace":1,"minecraft:egg":8,"minecraft:stick":5,"minecraft:raw_iron":5,"minecraft:cooked_porkchop":17,"minecraft:copper_ingot":1,"minecraft:torch":25,"minecraft:acacia_log":4,"minecraft:dripstone_block":2,"minecraft:gravel":13,"minecraft:porkchop":23,"minecraft:pointed_dripstone":8,"minecraft:ink_sac":3,"minecraft:diorite":1,"minecraft:acacia_stairs":36,"minecraft:orange_bed":2,"minecraft:stone_sword":4,"minecraft:arrow":6,"minecraft:rotten_flesh":5,"minecraft:stone_axe":4,"minecraft:hay_block":2,"minecraft:grass":1,"minecraft:saddle":3,"minecraft:bread":8,"minecraft:oak_sapling":4,"minecraft:mutton":5,"minecraft:coal":76,"minecraft:white_wool":4,"minecraft:cobblestone":230},"minecraft:used":{"minecraft:cooked_mutton":1,"minecraft:acacia_boat":1,"minecraft:stone_sword":176,"minecraft:stone_pickaxe":185,"minecraft:chest":2,"minecraft:wooden_pickaxe":154,"minecraft:cooked_salmon":4,"minecraft:rotten_flesh":5,"minecraft:orange_bed":2,"minecraft:torch":62,"minecraft:dirt":8,"minecraft:crafting_table":8,"minecraft:wooden_axe":35,"minecraft:acacia_door":1,"minecraft:chicken":2,"minecraft:melon_slice":45,"minecraft:cobblestone":42,"minecraft:stone_axe":131,"minecraft:wooden_sword":18,"minecraft:beef":2,"minecraft:hay_block":1,"minecraft:furnace":2,"minecraft:cooked_porkchop":11,"minecraft:acacia_wood":3,"minecraft:cooked_beef":2},"minecraft:crafted":{"minecraft:cooked_beef":5,"minecraft:wooden_sword":1,"minecraft:oak_planks":120,"minecraft:wooden_shovel":1,"minecraft:cooked_porkchop":22,"minecraft:crafting_table":6,"minecraft:wooden_pickaxe":4,"minecraft:furnace":2,"minecraft:cooked_salmon":3,"minecraft:stone_axe":2,"minecraft:acacia_boat":1,"minecraft:cooked_mutton":3,"minecraft:stick":128,"minecraft:iron_ingot":1,"minecraft:stone_pickaxe":3,"minecraft:wooden_axe":3,"minecraft:stone_sword":4,"minecraft:acacia_planks":72,"minecraft:torch":132},"minecraft:killed_by":{"minecraft:player":2,"minecraft:skeleton":1,"minecraft:spider":1,"minecraft:zombie":2},"minecraft:broken":{"minecraft:wooden_pickaxe":1},"minecraft:custom":{"minecraft:interact_with_furnace":22,"minecraft:mob_kills":35,"minecraft:interact_with_crafting_table":27,"minecraft:leave_game":10,"minecraft:time_since_death":35658,"minecraft:sleep_in_bed":3,"minecraft:climb_one_cm":34641,"minecraft:time_since_rest":35707,"minecraft:sprint_one_cm":312241,"minecraft:damage_taken":4693,"minecraft:walk_one_cm":623866,"minecraft:drop":42,"minecraft:damage_dealt":4871,"minecraft:swim_one_cm":96634,"minecraft:talked_to_villager":2,"minecraft:fly_one_cm":206082,"minecraft:player_kills":1,"minecraft:open_chest":16,"minecraft:play_time":256139,"minecraft:crouch_one_cm":3801,"minecraft:deaths":9,"minecraft:sneak_time":947,"minecraft:walk_under_water_one_cm":39552,"minecraft:boat_one_cm":36883,"minecraft:jump":4108,"minecraft:walk_on_water_one_cm":104058,"minecraft:total_world_time":256139,"minecraft:interact_with_smoker":2,"minecraft:fall_one_cm":116269},"minecraft:killed":{"minecraft:pig":12,"minecraft:salmon":4,"minecraft:spider":1,"minecraft:sheep":2,"minecraft:skeleton":5,"minecraft:zombie":3,"minecraft:chicken":4,"minecraft:cow":4},"minecraft:mined":{"minecraft:acacia_leaves":4,"minecraft:crafting_table":2,"minecraft:torch":3,"minecraft:acacia_log":3,"minecraft:grass_block":34,"minecraft:melon":18,"minecraft:chest":2,"minecraft:tall_grass":11,"minecraft:cobblestone":5,"minecraft:wall_torch":10,"minecraft:seagrass":1,"minecraft:hay_block":1,"minecraft:furnace":1,"minecraft:iron_ore":5,"minecraft:acacia_wood":47,"minecraft:birch_leaves":1,"minecraft:acacia_stairs":37,"minecraft:grass":49,"minecraft:coal_ore":73,"minecraft:pointed_dripstone":5,"minecraft:oak_log":30,"minecraft:vine":4,"minecraft:acacia_door":1,"minecraft:gravel":10,"minecraft:dripstone_block":4,"minecraft:dirt":45,"minecraft:acacia_planks":20,"minecraft:stone":189,"minecraft:oak_leaves":49,"minecraft:orange_bed":3},"minecraft:dropped":{"minecraft:bread":4,"minecraft:stone_axe":2,"minecraft:stone_sword":3,"minecraft:cooked_porkchop":9,"minecraft:oak_planks":1,"minecraft:torch":1,"minecraft:wooden_axe":3,"minecraft:melon_slice":16,"minecraft:wooden_sword":1,"minecraft:wooden_pickaxe":2}},"DataVersion":3465}