{"stats":{"minecraft:broken":{"minecraft:wooden_pickaxe":1},"minecraft:custom":{"minecraft:interact_with_furnace":13,"minecraft:mob_kills":16,"minecraft:interact_with_crafting_table":15,"minecraft:leave_game":3,"minecraft:time_since_death":3921,"minecraft:sleep_in_bed":2,"minecraft:climb_one_cm":34641,"minecraft:time_since_rest":3956,"minecraft:sprint_one_cm":199961,"minecraft:damage_taken":3813,"minecraft:walk_one_cm":460289,"minecraft:drop":30,"minecraft:damage_dealt":2333,"minecraft:swim_one_cm":93833,"minecraft:talked_to_villager":2,"minecraft:fly_one_cm":138798,"minecraft:player_kills":1,"minecraft:open_chest":11,"minecraft:crouch_one_cm":3801,"minecraft:play_time":185694,"minecraft:deaths":8,"minecraft:sneak_time":908,"minecraft:walk_under_water_one_cm":30992,"minecraft:jump":3193,"minecraft:walk_on_water_one_cm":93290,"minecraft:interact_with_smoker":1,"minecraft:total_world_time":185694,"minecraft:fall_one_cm":98414},"minecraft:crafted":{"minecraft:cooked_beef":5,"minecraft:wooden_sword":1,"minecraft:oak_planks":104,"minecraft:cooked_porkchop":2,"minecraft:crafting_table":4,"minecraft:wooden_pickaxe":3,"minecraft:furnace":1,"minecraft:cooked_salmon":1,"minecraft:stone_axe":1,"minecraft:cooked_mutton":1,"minecraft:stick":56,"minecraft:stone_pickaxe":1,"minecraft:wooden_axe":3,"minecraft:stone_sword":3,"minecraft:torch":32},"minecraft:mined":{"minecraft:crafting_table":2,"minecraft:torch":3,"minecraft:grass_block":32,"minecraft:melon":18,"minecraft:chest":2,"minecraft:tall_grass":4,"minecraft:cobblestone":5,"minecraft:wall_torch":9,"minecraft:furnace":1,"minecraft:iron_ore":4,"minecraft:birch_leaves":1,"minecraft:grass":32,"minecraft:pointed_dripstone":2,"minecraft:vine":4,"minecraft:coal_ore":27,"minecraft:oak_log":26,"minecraft:dripstone_block":3,"minecraft:gravel":6,"minecraft:dirt":39,"minecraft:stone":126,"minecraft:oak_leaves":45,"minecraft:orange_bed":3},"minecraft:killed":{"minecraft:pig":1,"minecraft:salmon":2,"minecraft:sheep":1,"minecraft:skeleton":2,"minecraft:zombie":3,"minecraft:chicken":4,"minecraft:cow":3},"minecraft:killed_by":{"minecraft:player":2,"minecraft:spider":1,"minecraft:zombie":2},"minecraft:used":{"minecraft:cooked_mutton":1,"minecraft:stone_sword":67,"minecraft:stone_pickaxe":104,"minecraft:chest":2,"minecraft:wooden_pickaxe":115,"minecraft:cooked_salmon":3,"minecraft:rotten_flesh":5,"minecraft:orange_bed":2,"minecraft:torch":26,"minecraft:dirt":3,"minecraft:crafting_table":6,"minecraft:wooden_axe":35,"minecraft:acacia_door":1,"minecraft:chicken":2,"minecraft:melon_slice":45,"minecraft:stone_axe":19,"minecraft:wooden_sword":18,"minecraft:cobblestone":42,"minecraft:hay_block":1,"minecraft:beef":2,"minecraft:furnace":1,"minecraft:cooked_porkchop":3,"minecraft:cooked_beef":2},"minecraft:dropped":{"minecraft:bread":4,"minecraft:stone_sword":2,"minecraft:oak_planks":1,"minecraft:torch":1,"minecraft:wooden_axe":3,"minecraft:melon_slice":16,"minecraft:wooden_sword":1,"minecraft:wooden_pickaxe":2},"minecraft:picked_up":{"minecraft:wooden_axe":2,"minecraft:crafting_table":3,"minecraft:feather":3,"minecraft:chicken":4,"minecraft:salmon":1,"minecraft:leather":4,"minecraft:wooden_pickaxe":2,"minecraft:flint":1,"minecraft:oak_log":26,"minecraft:dirt":55,"minecraft:acacia_door":1,"minecraft:cooked_salmon":2,"minecraft:wooden_sword":1,"minecraft:bone":1,"minecraft:apple":1,"minecraft:wheat_seeds":13,"minecraft:beef":8,"minecraft:stone_pickaxe":1,"minecraft:tall_grass":3,"minecraft:melon_slice":88,"minecraft:chest":3,"minecraft:acacia_sapling":3,"minecraft:oak_planks":1,"minecraft:egg":8,"minecraft:furnace":1,"minecraft:raw_iron":4,"minecraft:cooked_porkchop":1,"minecraft:copper_ingot":1,"minecraft:torch":23,"minecraft:dripstone_block":2,"minecraft:gravel":5,"minecraft:porkchop":3,"minecraft:ink_sac":3,"minecraft:pointed_dripstone":2,"minecraft:orange_bed":2,"minecraft:stone_sword":2,"minecraft:arrow":4,"minecraft:rotten_flesh":5,"minecraft:stone_axe":1,"minecraft:grass":1,"minecraft:saddle":3,"minecraft:bread":8,"minecraft:oak_sapling":4,"minecraft:mutton":3,"minecraft:coal":30,"minecraft:white_wool":2,"minecraft:cobblestone":135}},"DataVersion":3465}