{"stats":{"minecraft:custom":{"minecraft:interact_with_furnace":7,"minecraft:mob_kills":10,"minecraft:interact_with_crafting_table":13,"minecraft:leave_game":2,"minecraft:time_since_death":8693,"minecraft:climb_one_cm":25542,"minecraft:time_since_rest":8841,"minecraft:sprint_one_cm":16930,"minecraft:damage_taken":1320,"minecraft:walk_one_cm":199134,"minecraft:drop":11,"minecraft:damage_dealt":1061,"minecraft:fly_one_cm":12336,"minecraft:play_time":71602,"minecraft:deaths":2,"minecraft:sneak_time":39,"minecraft:walk_under_water_one_cm":4778,"minecraft:jump":1277,"minecraft:walk_on_water_one_cm":2754,"minecraft:total_world_time":71602,"minecraft:fall_one_cm":33750},"minecraft:crafted":{"minecraft:wooden_sword":1,"minecraft:oak_planks":60,"minecraft:crafting_table":2,"minecraft:wooden_pickaxe":3,"minecraft:furnace":1,"minecraft:cooked_salmon":1,"minecraft:stone_axe":1,"minecraft:cooked_mutton":1,"minecraft:stick":28,"minecraft:wooden_axe":3,"minecraft:stone_sword":3,"minecraft:torch":8},"minecraft:mined":{"minecraft:crafting_table":2,"minecraft:torch":3,"minecraft:grass_block":11,"minecraft:melon":5,"minecraft:cobblestone":3,"minecraft:wall_torch":9,"minecraft:furnace":1,"minecraft:grass":8,"minecraft:vine":3,"minecraft:coal_ore":19,"minecraft:oak_log":26,"minecraft:gravel":6,"minecraft:dirt":5,"minecraft:stone":22,"minecraft:oak_leaves":29},"minecraft:killed":{"minecraft:pig":1,"minecraft:salmon":2,"minecraft:sheep":1,"minecraft:skeleton":2,"minecraft:zombie":3,"minecraft:chicken":1},"minecraft:killed_by":{"minecraft:zombie":2},"minecraft:used":{"minecraft:cooked_mutton":1,"minecraft:stone_sword":29,"minecraft:wooden_pickaxe":63,"minecraft:cooked_salmon":1,"minecraft:rotten_flesh":3,"minecraft:torch":17,"minecraft:dirt":1,"minecraft:crafting_table":4,"minecraft:wooden_axe":16,"minecraft:melon_slice":26,"minecraft:stone_axe":19,"minecraft:wooden_sword":18,"minecraft:cobblestone":4,"minecraft:furnace":1},"minecraft:dropped":{"minecraft:stone_sword":2,"minecraft:oak_planks":1,"minecraft:wooden_axe":3,"minecraft:melon_slice":2,"minecraft:wooden_sword":1,"minecraft:wooden_pickaxe":2},"minecraft:picked_up":{"minecraft:wooden_axe":1,"minecraft:crafting_table":3,"minecraft:feather":1,"minecraft:chicken":1,"minecraft:salmon":1,"minecraft:wooden_pickaxe":2,"minecraft:flint":1,"minecraft:oak_log":26,"minecraft:dirt":10,"minecraft:wooden_sword":1,"minecraft:bone":1,"minecraft:apple":1,"minecraft:wheat_seeds":1,"minecraft:melon_slice":28,"minecraft:oak_planks":1,"minecraft:furnace":1,"minecraft:torch":12,"minecraft:gravel":5,"minecraft:porkchop":3,"minecraft:stone_sword":1,"minecraft:arrow":4,"minecraft:rotten_flesh":3,"minecraft:oak_sapling":3,"minecraft:mutton":3,"minecraft:coal":23,"minecraft:white_wool":2,"minecraft:cobblestone":25}},"DataVersion":3465}