{"stats":{"minecraft:picked_up":{"minecraft:wooden_axe":2,"minecraft:crafting_table":3,"minecraft:feather":3,"minecraft:chicken":4,"minecraft:salmon":1,"minecraft:leather":4,"minecraft:wooden_pickaxe":2,"minecraft:acacia_wood":41,"minecraft:flint":1,"minecraft:oak_log":30,"minecraft:dirt":58,"minecraft:acacia_door":2,"minecraft:cooked_salmon":2,"minecraft:wooden_sword":1,"minecraft:bone":1,"minecraft:acacia_planks":18,"minecraft:apple":1,"minecraft:wheat_seeds":14,"minecraft:stone_pickaxe":1,"minecraft:beef":8,"minecraft:tall_grass":3,"minecraft:melon_slice":88,"minecraft:chest":3,"minecraft:acacia_sapling":3,"minecraft:oak_planks":1,"minecraft:furnace":1,"minecraft:egg":8,"minecraft:raw_iron":5,"minecraft:cooked_porkchop":1,"minecraft:copper_ingot":1,"minecraft:torch":24,"minecraft:acacia_log":3,"minecraft:dripstone_block":2,"minecraft:gravel":9,"minecraft:porkchop":17,"minecraft:pointed_dripstone":2,"minecraft:ink_sac":3,"minecraft:acacia_stairs":21,"minecraft:orange_bed":2,"minecraft:stone_sword":2,"minecraft:arrow":4,"minecraft:rotten_flesh":5,"minecraft:stone_axe":2,"minecraft:hay_block":1,"minecraft:grass":1,"minecraft:saddle":3,"minecraft:bread":8,"minecraft:oak_sapling":4,"minecraft:mutton":5,"minecraft:coal":64,"minecraft:white_wool":3,"minecraft:cobblestone":182},"minecraft:used":{"minecraft:cooked_mutton":1,"minecraft:stone_sword":102,"minecraft:stone_pickaxe":153,"minecraft:chest":2,"minecraft:wooden_pickaxe":154,"minecraft:cooked_salmon":3,"minecraft:rotten_flesh":5,"minecraft:orange_bed":2,"minecraft:torch":35,"minecraft:dirt":3,"minecraft:crafting_table":8,"minecraft:wooden_axe":35,"minecraft:acacia_door":1,"minecraft:chicken":2,"minecraft:melon_slice":45,"minecraft:wooden_sword":18,"minecraft:stone_axe":103,"minecraft:cobblestone":42,"minecraft:beef":2,"minecraft:hay_block":1,"minecraft:furnace":2,"minecraft:cooked_porkchop":5,"minecraft:cooked_beef":2},"minecraft:crafted":{"minecraft:cooked_beef":5,"minecraft:wooden_sword":1,"minecraft:oak_planks":120,"minecraft:cooked_porkchop":16,"minecraft:crafting_table":6,"minecraft:wooden_pickaxe":4,"minecraft:furnace":2,"minecraft:cooked_salmon":1,"minecraft:stone_axe":2,"minecraft:cooked_mutton":1,"minecraft:stick":80,"minecraft:stone_pickaxe":2,"minecraft:wooden_axe":3,"minecraft:stone_sword":4,"minecraft:acacia_planks":8,"minecraft:torch":88},"minecraft:killed_by":{"minecraft:player":2,"minecraft:spider":1,"minecraft:zombie":2},"minecraft:broken":{"minecraft:wooden_pickaxe":1},"minecraft:custom":{"minecraft:interact_with_furnace":16,"minecraft:mob_kills":24,"minecraft:interact_with_crafting_table":23,"minecraft:leave_game":5,"minecraft:time_since_death":31337,"minecraft:sleep_in_bed":3,"minecraft:climb_one_cm":34641,"minecraft:time_since_rest":16178,"minecraft:sprint_one_cm":229015,"minecraft:damage_taken":3823,"minecraft:walk_one_cm":523633,"minecraft:drop":31,"minecraft:damage_dealt":3113,"minecraft:swim_one_cm":93833,"minecraft:talked_to_villager":2,"minecraft:fly_one_cm":164754,"minecraft:player_kills":1,"minecraft:open_chest":12,"minecraft:play_time":213110,"minecraft:crouch_one_cm":3801,"minecraft:deaths":8,"minecraft:sneak_time":920,"minecraft:walk_under_water_one_cm":32097,"minecraft:jump":3437,"minecraft:walk_on_water_one_cm":95778,"minecraft:total_world_time":213110,"minecraft:interact_with_smoker":2,"minecraft:fall_one_cm":103252},"minecraft:killed":{"minecraft:pig":8,"minecraft:salmon":2,"minecraft:sheep":2,"minecraft:skeleton":2,"minecraft:zombie":3,"minecraft:chicken":4,"minecraft:cow":3},"minecraft:mined":{"minecraft:crafting_table":2,"minecraft:torch":3,"minecraft:acacia_log":3,"minecraft:grass_block":34,"minecraft:melon":18,"minecraft:chest":2,"minecraft:tall_grass":8,"minecraft:cobblestone":5,"minecraft:wall_torch":9,"minecraft:hay_block":1,"minecraft:furnace":1,"minecraft:iron_ore":5,"minecraft:acacia_wood":41,"minecraft:acacia_stairs":22,"minecraft:birch_leaves":1,"minecraft:grass":44,"minecraft:pointed_dripstone":2,"minecraft:oak_log":30,"minecraft:coal_ore":61,"minecraft:vine":4,"minecraft:acacia_door":1,"minecraft:gravel":10,"minecraft:dripstone_block":3,"minecraft:dirt":40,"minecraft:acacia_planks":19,"minecraft:stone":173,"minecraft:oak_leaves":49,"minecraft:orange_bed":3},"minecraft:dropped":{"minecraft:bread":4,"minecraft:stone_axe":1,"minecraft:stone_sword":2,"minecraft:oak_planks":1,"minecraft:torch":1,"minecraft:wooden_axe":3,"minecraft:melon_slice":16,"minecraft:wooden_sword":1,"minecraft:wooden_pickaxe":2}},"DataVersion":3465}