{"stats":{"minecraft:broken":{"minecraft:wooden_pickaxe":1},"minecraft:custom":{"minecraft:interact_with_furnace":13,"minecraft:mob_kills":16,"minecraft:interact_with_crafting_table":15,"minecraft:leave_game":2,"minecraft:time_since_death":21958,"minecraft:climb_one_cm":32222,"minecraft:time_since_rest":22236,"minecraft:sprint_one_cm":110530,"minecraft:damage_taken":2255,"minecraft:walk_one_cm":343061,"minecraft:drop":25,"minecraft:damage_dealt":1767,"minecraft:swim_one_cm":25546,"minecraft:fly_one_cm":67304,"minecraft:open_chest":3,"minecraft:play_time":131602,"minecraft:deaths":3,"minecraft:sneak_time":107,"minecraft:walk_under_water_one_cm":21107,"minecraft:jump":2307,"minecraft:walk_on_water_one_cm":56759,"minecraft:total_world_time":131602,"minecraft:fall_one_cm":65778},"minecraft:crafted":{"minecraft:cooked_beef":5,"minecraft:wooden_sword":1,"minecraft:oak_planks":104,"minecraft:cooked_porkchop":2,"minecraft:crafting_table":4,"minecraft:wooden_pickaxe":3,"minecraft:furnace":1,"minecraft:cooked_salmon":1,"minecraft:stone_axe":1,"minecraft:cooked_mutton":1,"minecraft:stick":56,"minecraft:stone_pickaxe":1,"minecraft:wooden_axe":3,"minecraft:stone_sword":3,"minecraft:torch":32},"minecraft:mined":{"minecraft:crafting_table":2,"minecraft:torch":3,"minecraft:grass_block":24,"minecraft:melon":17,"minecraft:cobblestone":5,"minecraft:wall_torch":9,"minecraft:furnace":1,"minecraft:iron_ore":4,"minecraft:birch_leaves":1,"minecraft:grass":24,"minecraft:pointed_dripstone":2,"minecraft:vine":3,"minecraft:coal_ore":27,"minecraft:oak_log":26,"minecraft:dripstone_block":3,"minecraft:gravel":6,"minecraft:dirt":30,"minecraft:stone":126,"minecraft:oak_leaves":41},"minecraft:killed":{"minecraft:pig":1,"minecraft:salmon":2,"minecraft:sheep":1,"minecraft:skeleton":2,"minecraft:zombie":3,"minecraft:chicken":4,"minecraft:cow":3},"minecraft:killed_by":{"minecraft:spider":1,"minecraft:zombie":2},"minecraft:used":{"minecraft:cooked_mutton":1,"minecraft:stone_sword":49,"minecraft:stone_pickaxe":104,"minecraft:wooden_pickaxe":115,"minecraft:cooked_salmon":3,"minecraft:rotten_flesh":5,"minecraft:torch":23,"minecraft:dirt":3,"minecraft:crafting_table":6,"minecraft:wooden_axe":35,"minecraft:chicken":2,"minecraft:melon_slice":42,"minecraft:stone_axe":19,"minecraft:wooden_sword":18,"minecraft:cobblestone":42,"minecraft:beef":2,"minecraft:furnace":1,"minecraft:cooked_porkchop":3,"minecraft:cooked_beef":1},"minecraft:dropped":{"minecraft:stone_sword":2,"minecraft:oak_planks":1,"minecraft:wooden_axe":3,"minecraft:melon_slice":16,"minecraft:wooden_sword":1,"minecraft:wooden_pickaxe":2},"minecraft:picked_up":{"minecraft:wooden_axe":1,"minecraft:crafting_table":3,"minecraft:feather":3,"minecraft:chicken":4,"minecraft:salmon":1,"minecraft:leather":4,"minecraft:wooden_pickaxe":2,"minecraft:flint":1,"minecraft:oak_log":26,"minecraft:dirt":46,"minecraft:cooked_salmon":2,"minecraft:wooden_sword":1,"minecraft:bone":1,"minecraft:apple":1,"minecraft:wheat_seeds":8,"minecraft:beef":8,"minecraft:melon_slice":85,"minecraft:oak_planks":1,"minecraft:egg":5,"minecraft:furnace":1,"minecraft:raw_iron":4,"minecraft:cooked_porkchop":1,"minecraft:copper_ingot":1,"minecraft:torch":20,"minecraft:dripstone_block":2,"minecraft:gravel":5,"minecraft:porkchop":3,"minecraft:ink_sac":3,"minecraft:pointed_dripstone":2,"minecraft:stone_sword":2,"minecraft:arrow":4,"minecraft:rotten_flesh":5,"minecraft:stone_axe":1,"minecraft:oak_sapling":4,"minecraft:mutton":3,"minecraft:coal":30,"minecraft:white_wool":2,"minecraft:cobblestone":130}},"DataVersion":3465}