{"stats":{"minecraft:custom":{"minecraft:time_since_rest":41602,"minecraft:interact_with_furnace":7,"minecraft:sprint_one_cm":5391,"minecraft:damage_taken":520,"minecraft:walk_one_cm":95468,"minecraft:mob_kills":6,"minecraft:drop":4,"minecraft:damage_dealt":729,"minecraft:interact_with_crafting_table":9,"minecraft:fly_one_cm":1652,"minecraft:play_time":41602,"minecraft:sneak_time":39,"minecraft:walk_under_water_one_cm":4778,"minecraft:jump":605,"minecraft:leave_game":2,"minecraft:time_since_death":41602,"minecraft:walk_on_water_one_cm":2754,"minecraft:total_world_time":41602,"minecraft:climb_one_cm":11885,"minecraft:fall_one_cm":17550},"minecraft:crafted":{"minecraft:wooden_sword":1,"minecraft:oak_planks":16,"minecraft:crafting_table":1,"minecraft:stick":8,"minecraft:wooden_pickaxe":1,"minecraft:stone_sword":1,"minecraft:furnace":1,"minecraft:cooked_salmon":1,"minecraft:torch":8,"minecraft:stone_axe":1,"minecraft:cooked_mutton":1},"minecraft:mined":{"minecraft:crafting_table":1,"minecraft:torch":2,"minecraft:grass":6,"minecraft:grass_block":5,"minecraft:oak_log":7,"minecraft:coal_ore":19,"minecraft:melon":5,"minecraft:vine":3,"minecraft:gravel":6,"minecraft:dirt":1,"minecraft:cobblestone":3,"minecraft:stone":22,"minecraft:oak_leaves":14,"minecraft:wall_torch":7},"minecraft:killed":{"minecraft:sheep":1,"minecraft:zombie":3,"minecraft:salmon":2},"minecraft:used":{"minecraft:stone_sword":19,"minecraft:melon_slice":22,"minecraft:wooden_pickaxe":50,"minecraft:torch":16,"minecraft:rotten_flesh":3,"minecraft:stone_axe":18,"minecraft:wooden_sword":18,"minecraft:cobblestone":4,"minecraft:crafting_table":2,"minecraft:furnace":1},"minecraft:dropped":{"minecraft:melon_slice":2,"minecraft:oak_planks":1,"minecraft:wooden_sword":1},"minecraft:picked_up":{"minecraft:crafting_table":1,"minecraft:salmon":1,"minecraft:torch":9,"minecraft:gravel":5,"minecraft:flint":1,"minecraft:oak_log":7,"minecraft:dirt":6,"minecraft:wooden_sword":1,"minecraft:rotten_flesh":3,"minecraft:wheat_seeds":1,"minecraft:oak_sapling":2,"minecraft:melon_slice":28,"minecraft:mutton":1,"minecraft:oak_planks":1,"minecraft:coal":19,"minecraft:white_wool":1,"minecraft:cobblestone":25}},"DataVersion":3465}