{"stats":{"minecraft:picked_up":{"minecraft:wooden_axe":2,"minecraft:crafting_table":3,"minecraft:feather":3,"minecraft:chicken":4,"minecraft:salmon":3,"minecraft:leather":5,"minecraft:wooden_pickaxe":2,"minecraft:acacia_wood":88,"minecraft:flint":1,"minecraft:oak_log":30,"minecraft:string":2,"minecraft:dirt":61,"minecraft:acacia_door":3,"minecraft:cooked_salmon":2,"minecraft:wooden_sword":1,"minecraft:bone":2,"minecraft:acacia_planks":39,"minecraft:apple":1,"minecraft:wheat_seeds":16,"minecraft:stone_pickaxe":1,"minecraft:beef":9,"minecraft:tall_grass":3,"minecraft:melon_slice":88,"minecraft:chest":3,"minecraft:acacia_sapling":5,"minecraft:oak_planks":1,"minecraft:furnace":1,"minecraft:egg":8,"minecraft:stick":5,"minecraft:raw_iron":5,"minecraft:cooked_porkchop":17,"minecraft:copper_ingot":1,"minecraft:torch":24,"minecraft:acacia_log":4,"minecraft:dripstone_block":2,"minecraft:gravel":13,"minecraft:porkchop":23,"minecraft:pointed_dripstone":2,"minecraft:ink_sac":3,"minecraft:acacia_stairs":29,"minecraft:orange_bed":2,"minecraft:stone_sword":4,"minecraft:arrow":6,"minecraft:rotten_flesh":5,"minecraft:stone_axe":3,"minecraft:hay_block":2,"minecraft:grass":1,"minecraft:saddle":3,"minecraft:bread":8,"minecraft:oak_sapling":4,"minecraft:mutton":5,"minecraft:coal":64,"minecraft:white_wool":4,"minecraft:cobblestone":215},"minecraft:used":{"minecraft:cooked_mutton":1,"minecraft:stone_sword":176,"minecraft:stone_pickaxe":154,"minecraft:chest":2,"minecraft:wooden_pickaxe":154,"minecraft:cooked_salmon":3,"minecraft:rotten_flesh":5,"minecraft:orange_bed":2,"minecraft:torch":51,"minecraft:dirt":6,"minecraft:crafting_table":8,"minecraft:wooden_axe":35,"minecraft:acacia_door":1,"minecraft:chicken":2,"minecraft:melon_slice":45,"minecraft:wooden_sword":18,"minecraft:stone_axe":120,"minecraft:cobblestone":42,"minecraft:beef":2,"minecraft:hay_block":1,"minecraft:furnace":2,"minecraft:cooked_porkchop":10,"minecraft:cooked_beef":2},"minecraft:crafted":{"minecraft:cooked_beef":5,"minecraft:wooden_sword":1,"minecraft:oak_planks":120,"minecraft:cooked_porkchop":16,"minecraft:crafting_table":6,"minecraft:wooden_pickaxe":4,"minecraft:furnace":2,"minecraft:cooked_salmon":3,"minecraft:stone_axe":2,"minecraft:cooked_mutton":3,"minecraft:stick":88,"minecraft:iron_ingot":1,"minecraft:stone_pickaxe":3,"minecraft:wooden_axe":3,"minecraft:stone_sword":4,"minecraft:acacia_planks":8,"minecraft:torch":108},"minecraft:killed_by":{"minecraft:player":2,"minecraft:skeleton":1,"minecraft:spider":1,"minecraft:zombie":2},"minecraft:broken":{"minecraft:wooden_pickaxe":1},"minecraft:custom":{"minecraft:interact_with_furnace":21,"minecraft:mob_kills":35,"minecraft:interact_with_crafting_table":26,"minecraft:leave_game":5,"minecraft:time_since_death":16629,"minecraft:sleep_in_bed":3,"minecraft:climb_one_cm":34641,"minecraft:time_since_rest":16678,"minecraft:sprint_one_cm":286940,"minecraft:damage_taken":4533,"minecraft:walk_one_cm":583984,"minecraft:drop":41,"minecraft:damage_dealt":4871,"minecraft:swim_one_cm":96634,"minecraft:talked_to_villager":2,"minecraft:fly_one_cm":195456,"minecraft:player_kills":1,"minecraft:open_chest":16,"minecraft:play_time":237110,"minecraft:crouch_one_cm":3801,"minecraft:deaths":9,"minecraft:sneak_time":926,"minecraft:walk_under_water_one_cm":39552,"minecraft:jump":3807,"minecraft:walk_on_water_one_cm":104058,"minecraft:total_world_time":237110,"minecraft:interact_with_smoker":2,"minecraft:fall_one_cm":109336},"minecraft:killed":{"minecraft:pig":12,"minecraft:salmon":4,"minecraft:spider":1,"minecraft:sheep":2,"minecraft:skeleton":5,"minecraft:zombie":3,"minecraft:chicken":4,"minecraft:cow":4},"minecraft:mined":{"minecraft:acacia_leaves":4,"minecraft:crafting_table":2,"minecraft:torch":3,"minecraft:acacia_log":3,"minecraft:grass_block":34,"minecraft:melon":18,"minecraft:chest":2,"minecraft:tall_grass":11,"minecraft:cobblestone":5,"minecraft:wall_torch":9,"minecraft:seagrass":1,"minecraft:hay_block":1,"minecraft:furnace":1,"minecraft:iron_ore":5,"minecraft:acacia_wood":44,"minecraft:acacia_stairs":30,"minecraft:birch_leaves":1,"minecraft:grass":49,"minecraft:pointed_dripstone":2,"minecraft:oak_log":30,"minecraft:coal_ore":61,"minecraft:vine":4,"minecraft:acacia_door":1,"minecraft:gravel":10,"minecraft:dripstone_block":3,"minecraft:dirt":43,"minecraft:acacia_planks":20,"minecraft:stone":174,"minecraft:oak_leaves":49,"minecraft:orange_bed":3},"minecraft:dropped":{"minecraft:bread":4,"minecraft:stone_axe":1,"minecraft:stone_sword":3,"minecraft:cooked_porkchop":9,"minecraft:oak_planks":1,"minecraft:torch":1,"minecraft:wooden_axe":3,"minecraft:melon_slice":16,"minecraft:wooden_sword":1,"minecraft:wooden_pickaxe":2}},"DataVersion":3465}