{"stats":{"minecraft:custom":{"minecraft:time_since_rest":59602,"minecraft:interact_with_furnace":7,"minecraft:sprint_one_cm":7991,"minecraft:damage_taken":765,"minecraft:walk_one_cm":149625,"minecraft:mob_kills":7,"minecraft:drop":6,"minecraft:damage_dealt":779,"minecraft:interact_with_crafting_table":10,"minecraft:fly_one_cm":3367,"minecraft:play_time":59602,"minecraft:sneak_time":39,"minecraft:walk_under_water_one_cm":4778,"minecraft:jump":1032,"minecraft:leave_game":2,"minecraft:time_since_death":59602,"minecraft:walk_on_water_one_cm":2754,"minecraft:total_world_time":59602,"minecraft:climb_one_cm":24717,"minecraft:fall_one_cm":29222},"minecraft:crafted":{"minecraft:wooden_sword":1,"minecraft:oak_planks":28,"minecraft:crafting_table":1,"minecraft:stick":12,"minecraft:wooden_pickaxe":1,"minecraft:stone_sword":3,"minecraft:furnace":1,"minecraft:cooked_salmon":1,"minecraft:torch":8,"minecraft:stone_axe":1,"minecraft:cooked_mutton":1},"minecraft:mined":{"minecraft:furnace":1,"minecraft:crafting_table":2,"minecraft:torch":3,"minecraft:grass":6,"minecraft:grass_block":7,"minecraft:oak_log":7,"minecraft:coal_ore":19,"minecraft:melon":5,"minecraft:vine":3,"minecraft:gravel":6,"minecraft:dirt":1,"minecraft:cobblestone":3,"minecraft:stone":22,"minecraft:oak_leaves":18,"minecraft:wall_torch":9},"minecraft:killed":{"minecraft:skeleton":1,"minecraft:sheep":1,"minecraft:zombie":3,"minecraft:salmon":2},"minecraft:used":{"minecraft:cooked_mutton":1,"minecraft:stone_sword":25,"minecraft:melon_slice":26,"minecraft:wooden_pickaxe":55,"minecraft:torch":17,"minecraft:rotten_flesh":3,"minecraft:stone_axe":19,"minecraft:wooden_sword":18,"minecraft:cobblestone":4,"minecraft:crafting_table":3,"minecraft:furnace":1},"minecraft:dropped":{"minecraft:stone_sword":2,"minecraft:melon_slice":2,"minecraft:oak_planks":1,"minecraft:wooden_sword":1},"minecraft:picked_up":{"minecraft:crafting_table":3,"minecraft:salmon":1,"minecraft:torch":12,"minecraft:wooden_pickaxe":1,"minecraft:gravel":5,"minecraft:flint":1,"minecraft:oak_log":7,"minecraft:bone":1,"minecraft:arrow":2,"minecraft:stone_sword":1,"minecraft:apple":1,"minecraft:dirt":8,"minecraft:wooden_sword":1,"minecraft:rotten_flesh":3,"minecraft:wheat_seeds":1,"minecraft:oak_sapling":2,"minecraft:melon_slice":28,"minecraft:mutton":3,"minecraft:oak_planks":1,"minecraft:coal":23,"minecraft:white_wool":2,"minecraft:cobblestone":25,"minecraft:furnace":1}},"DataVersion":3465}