{"stats":{"minecraft:picked_up":{"minecraft:wooden_axe":2,"minecraft:cocoa_beans":95,"minecraft:crafting_table":7,"minecraft:wheat":1,"minecraft:chicken":5,"minecraft:wooden_pickaxe":2,"minecraft:string":2,"minecraft:cooked_salmon":2,"minecraft:acacia_door":3,"minecraft:wooden_sword":1,"minecraft:beef":15,"minecraft:oak_boat":1,"minecraft:rose_bush":9,"minecraft:wooden_shovel":3,"minecraft:iron_pickaxe":1,"minecraft:light_gray_wool":2,"minecraft:melon_slice":103,"minecraft:chest":3,"minecraft:egg":10,"minecraft:furnace":1,"minecraft:raw_iron":10,"minecraft:stick":108,"minecraft:copper_ingot":1,"minecraft:torch":56,"minecraft:acacia_log":7,"minecraft:porkchop":23,"minecraft:cookie":11,"minecraft:pointed_dripstone":26,"minecraft:diorite":4,"minecraft:orange_bed":9,"minecraft:stone_sword":4,"minecraft:arrow":18,"minecraft:rotten_flesh":5,"minecraft:hay_block":3,"minecraft:yellow_terracotta":6,"minecraft:saddle":3,"minecraft:mutton":6,"minecraft:white_wool":4,"minecraft:cobblestone":452,"minecraft:magma_block":4,"minecraft:feather":5,"minecraft:jungle_log":8,"minecraft:salmon":5,"minecraft:leather":6,"minecraft:acacia_wood":178,"minecraft:flint":1,"minecraft:oak_log":30,"minecraft:dirt":139,"minecraft:cooked_mutton":12,"minecraft:bone":6,"minecraft:acacia_planks":219,"minecraft:apple":1,"minecraft:wheat_seeds":23,"minecraft:stone_pickaxe":3,"minecraft:cooked_chicken":4,"minecraft:tall_grass":3,"minecraft:iron_sword":1,"minecraft:acacia_sapling":5,"minecraft:oak_planks":1,"minecraft:cooked_porkchop":17,"minecraft:gravel":25,"minecraft:dripstone_block":26,"minecraft:ink_sac":5,"minecraft:acacia_stairs":50,"minecraft:red_terracotta":4,"minecraft:stone_axe":6,"minecraft:iron_helmet":4,"minecraft:grass":1,"minecraft:bread":11,"minecraft:oak_sapling":12,"minecraft:melon_seeds":4,"minecraft:coal":97,"minecraft:ender_pearl":1},"minecraft:used":{"minecraft:stone_sword":199,"minecraft:chest":3,"minecraft:iron_sword":7,"minecraft:cooked_salmon":5,"minecraft:cooked_chicken":2,"minecraft:rotten_flesh":5,"minecraft:orange_bed":9,"minecraft:torch":82,"minecraft:dirt":13,"minecraft:wooden_axe":35,"minecraft:magma_block":1,"minecraft:beef":2,"minecraft:hay_block":1,"minecraft:furnace":2,"minecraft:acacia_wood":3,"minecraft:cooked_beef":6,"minecraft:cooked_mutton":1,"minecraft:acacia_boat":2,"minecraft:stone_pickaxe":247,"minecraft:wooden_pickaxe":154,"minecraft:cookie":31,"minecraft:salmon":2,"minecraft:crafting_table":9,"minecraft:acacia_door":1,"minecraft:melon_slice":50,"minecraft:chicken":2,"minecraft:bread":3,"minecraft:stone_axe":204,"minecraft:wooden_sword":18,"minecraft:cobblestone":42,"minecraft:cooked_porkchop":11,"minecraft:oak_boat":1},"minecraft:crafted":{"minecraft:wooden_sword":1,"minecraft:cookie":32,"minecraft:oak_planks":120,"minecraft:cooked_chicken":1,"minecraft:furnace":2,"minecraft:cooked_mutton":3,"minecraft:stone_pickaxe":4,"minecraft:chest":1,"minecraft:wheat":9,"minecraft:cooked_beef":9,"minecraft:wooden_shovel":1,"minecraft:cooked_porkchop":22,"minecraft:crafting_table":7,"minecraft:wooden_pickaxe":4,"minecraft:iron_sword":1,"minecraft:cooked_salmon":3,"minecraft:stone_axe":3,"minecraft:acacia_boat":2,"minecraft:stick":128,"minecraft:iron_ingot":6,"minecraft:iron_pickaxe":1,"minecraft:wooden_axe":3,"minecraft:stone_sword":5,"minecraft:acacia_planks":232,"minecraft:torch":132},"minecraft:killed_by":{"minecraft:player":4,"minecraft:spider":1,"minecraft:drowned":1,"minecraft:skeleton":1,"minecraft:zombie":2},"minecraft:broken":{"minecraft:wooden_pickaxe":1,"minecraft:stone_pickaxe":1,"minecraft:stone_axe":1},"minecraft:custom":{"minecraft:mob_kills":39,"minecraft:interact_with_crafting_table":35,"minecraft:leave_game":12,"minecraft:time_since_death":9214,"minecraft:climb_one_cm":35872,"minecraft:sprint_one_cm":475577,"minecraft:walk_one_cm":850108,"minecraft:drop":72,"minecraft:talked_to_villager":2,"minecraft:play_time":377241,"minecraft:deaths":12,"minecraft:sneak_time":1282,"minecraft:walk_under_water_one_cm":56332,"minecraft:boat_one_cm":641310,"minecraft:jump":5578,"minecraft:walk_on_water_one_cm":138010,"minecraft:total_world_time":377241,"minecraft:interact_with_furnace":34,"minecraft:sleep_in_bed":13,"minecraft:time_since_rest":9244,"minecraft:damage_taken":6620,"minecraft:damage_dealt":6236,"minecraft:swim_one_cm":118862,"minecraft:fly_one_cm":354405,"minecraft:player_kills":2,"minecraft:open_chest":37,"minecraft:crouch_one_cm":4286,"minecraft:interact_with_smoker":2,"minecraft:fall_one_cm":153613},"minecraft:killed":{"minecraft:spider":1,"minecraft:skeleton":5,"minecraft:chicken":5,"minecraft:pig":12,"minecraft:salmon":4,"minecraft:sheep":3,"minecraft:zombie":4,"minecraft:cow":4},"minecraft:dropped":{"minecraft:bread":4,"minecraft:cooked_porkchop":17,"minecraft:cookie":2,"minecraft:saddle":1,"minecraft:dirt":2,"minecraft:torch":1,"minecraft:wooden_axe":3,"minecraft:melon_slice":16,"minecraft:wooden_sword":1,"minecraft:acacia_planks":6,"minecraft:stone_axe":3,"minecraft:cooked_chicken":2,"minecraft:stone_sword":3,"minecraft:oak_planks":1,"minecraft:cooked_mutton":5,"minecraft:stone_pickaxe":2,"minecraft:wooden_pickaxe":2,"minecraft:magma_block":1},"minecraft:mined":{"minecraft:yellow_terracotta":6,"minecraft:jungle_leaves":4,"minecraft:acacia_log":3,"minecraft:grass_block":37,"minecraft:jungle_log":2,"minecraft:tall_seagrass":1,"minecraft:hay_block":1,"minecraft:magma_block":1,"minecraft:furnace":1,"minecraft:fire":1,"minecraft:iron_ore":10,"minecraft:acacia_wood":59,"minecraft:acacia_stairs":37,"minecraft:pointed_dripstone":5,"minecraft:vine":4,"minecraft:stone":228,"minecraft:orange_bed":10,"minecraft:acacia_leaves":4,"minecraft:crafting_table":3,"minecraft:torch":3,"minecraft:melon":20,"minecraft:chest":3,"minecraft:rose_bush":9,"minecraft:tall_grass":11,"minecraft:cobblestone":5,"minecraft:wall_torch":10,"minecraft:seagrass":2,"minecraft:red_terracotta":6,"minecraft:birch_leaves":1,"minecraft:grass":59,"minecraft:oak_log":30,"minecraft:coal_ore":73,"minecraft:cocoa":11,"minecraft:dripstone_block":4,"minecraft:gravel":10,"minecraft:acacia_door":1,"minecraft:dirt":46,"minecraft:acacia_planks":35,"minecraft:oak_leaves":52,"minecraft:fern":1}},"DataVersion":3465}