{"stats":{"minecraft:broken":{"minecraft:wooden_pickaxe":1},"minecraft:custom":{"minecraft:interact_with_furnace":11,"minecraft:mob_kills":11,"minecraft:interact_with_crafting_table":15,"minecraft:leave_game":2,"minecraft:time_since_death":9958,"minecraft:climb_one_cm":32222,"minecraft:time_since_rest":10236,"minecraft:sprint_one_cm":73748,"minecraft:damage_taken":2145,"minecraft:walk_one_cm":316904,"minecraft:drop":25,"minecraft:damage_dealt":1387,"minecraft:swim_one_cm":13278,"minecraft:fly_one_cm":40464,"minecraft:play_time":119602,"minecraft:deaths":3,"minecraft:sneak_time":95,"minecraft:walk_under_water_one_cm":15871,"minecraft:jump":2007,"minecraft:walk_on_water_one_cm":50016,"minecraft:total_world_time":119602,"minecraft:fall_one_cm":55818},"minecraft:crafted":{"minecraft:wooden_sword":1,"minecraft:oak_planks":104,"minecraft:cooked_porkchop":2,"minecraft:crafting_table":4,"minecraft:wooden_pickaxe":3,"minecraft:furnace":1,"minecraft:cooked_salmon":1,"minecraft:stone_axe":1,"minecraft:cooked_mutton":1,"minecraft:stick":56,"minecraft:stone_pickaxe":1,"minecraft:wooden_axe":3,"minecraft:stone_sword":3,"minecraft:torch":32},"minecraft:mined":{"minecraft:crafting_table":2,"minecraft:torch":3,"minecraft:grass_block":22,"minecraft:melon":17,"minecraft:cobblestone":5,"minecraft:wall_torch":9,"minecraft:furnace":1,"minecraft:iron_ore":4,"minecraft:birch_leaves":1,"minecraft:grass":16,"minecraft:pointed_dripstone":2,"minecraft:vine":3,"minecraft:coal_ore":27,"minecraft:oak_log":26,"minecraft:dripstone_block":3,"minecraft:gravel":6,"minecraft:dirt":28,"minecraft:stone":126,"minecraft:oak_leaves":41},"minecraft:killed":{"minecraft:pig":1,"minecraft:salmon":2,"minecraft:sheep":1,"minecraft:skeleton":2,"minecraft:zombie":3,"minecraft:chicken":2},"minecraft:killed_by":{"minecraft:spider":1,"minecraft:zombie":2},"minecraft:used":{"minecraft:cooked_mutton":1,"minecraft:stone_sword":29,"minecraft:stone_pickaxe":104,"minecraft:wooden_pickaxe":115,"minecraft:cooked_salmon":1,"minecraft:rotten_flesh":3,"minecraft:torch":23,"minecraft:dirt":3,"minecraft:crafting_table":6,"minecraft:wooden_axe":35,"minecraft:chicken":2,"minecraft:melon_slice":42,"minecraft:stone_axe":19,"minecraft:wooden_sword":18,"minecraft:cobblestone":42,"minecraft:furnace":1,"minecraft:cooked_porkchop":3},"minecraft:dropped":{"minecraft:stone_sword":2,"minecraft:oak_planks":1,"minecraft:wooden_axe":3,"minecraft:melon_slice":16,"minecraft:wooden_sword":1,"minecraft:wooden_pickaxe":2},"minecraft:picked_up":{"minecraft:wooden_axe":1,"minecraft:crafting_table":3,"minecraft:feather":3,"minecraft:chicken":2,"minecraft:salmon":1,"minecraft:wooden_pickaxe":2,"minecraft:flint":1,"minecraft:oak_log":26,"minecraft:dirt":42,"minecraft:cooked_salmon":2,"minecraft:wooden_sword":1,"minecraft:bone":1,"minecraft:apple":1,"minecraft:wheat_seeds":4,"minecraft:melon_slice":85,"minecraft:oak_planks":1,"minecraft:egg":2,"minecraft:furnace":1,"minecraft:raw_iron":4,"minecraft:cooked_porkchop":1,"minecraft:copper_ingot":1,"minecraft:torch":20,"minecraft:dripstone_block":2,"minecraft:gravel":5,"minecraft:porkchop":3,"minecraft:ink_sac":3,"minecraft:pointed_dripstone":2,"minecraft:stone_sword":2,"minecraft:arrow":4,"minecraft:rotten_flesh":5,"minecraft:stone_axe":1,"minecraft:oak_sapling":4,"minecraft:mutton":3,"minecraft:coal":30,"minecraft:white_wool":2,"minecraft:cobblestone":130}},"DataVersion":3465}